booking_id,label,prediction
INN00017,0,0.0
INN00025,0,0.0
INN00030,0,0.0
INN00034,0,0.0
INN00041,0,0.0
INN00054,0,0.0
INN00068,1,1.0
INN00075,0,0.0
INN00076,0,0.0
INN00077,0,0.0
INN00080,0,0.0
INN00081,1,1.0
INN00082,1,1.0
INN00083,0,0.0
INN00088,1,1.0
INN00095,1,1.0
INN00106,0,0.0
INN00107,0,0.0
INN00109,0,0.0
INN00116,0,0.0
INN00117,1,1.0
INN00118,0,0.0
INN00131,0,0.0
INN00138,0,0.0
INN00139,0,1.0
INN00142,1,1.0
INN00144,0,0.0
INN00150,1,1.0
INN00152,1,0.0
INN00154,1,1.0
INN00165,0,0.0
INN00174,0,0.0
INN00175,1,0.0
INN00183,1,1.0
INN00185,1,1.0
INN00188,0,1.0
INN00190,0,0.0
INN00192,1,1.0
INN00196,0,0.0
INN00204,1,1.0
INN00217,0,0.0
INN00218,0,0.0
INN00219,0,1.0
INN00243,0,0.0
INN00244,0,0.0
INN00249,1,1.0
INN00257,0,0.0
INN00282,1,1.0
INN00287,0,0.0
INN00288,1,0.0
INN00298,0,0.0
INN00306,0,0.0
INN00308,0,0.0
INN00315,0,0.0
INN00319,0,0.0
INN00331,0,0.0
INN00335,0,0.0
INN00343,0,0.0
INN00351,0,1.0
INN00359,0,0.0
INN00363,0,0.0
INN00364,0,0.0
INN00369,0,0.0
INN00371,0,0.0
INN00373,0,0.0
INN00374,0,0.0
INN00376,0,0.0
INN00390,0,0.0
INN00398,0,0.0
INN00410,1,1.0
INN00412,0,0.0
INN00417,0,0.0
INN00424,1,1.0
INN00425,1,1.0
INN00432,0,0.0
INN00444,0,0.0
INN00456,1,1.0
INN00470,0,0.0
INN00476,1,1.0
INN00486,0,0.0
INN00491,1,1.0
INN00496,1,0.0
INN00499,0,0.0
INN00508,0,0.0
INN00518,0,0.0
INN00519,0,0.0
INN00527,0,0.0
INN00533,0,0.0
INN00534,0,0.0
INN00537,1,1.0
INN00541,0,0.0
INN00542,0,0.0
INN00543,1,0.0
INN00544,0,0.0
INN00550,0,0.0
INN00559,0,0.0
INN00567,1,0.0
INN00570,0,0.0
INN00573,0,0.0
INN00575,0,1.0
INN00579,1,1.0
INN00580,0,0.0
INN00581,1,0.0
INN00593,0,0.0
INN00595,0,0.0
INN00612,0,0.0
INN00616,0,0.0
INN00624,0,0.0
INN00626,0,0.0
INN00636,0,0.0
INN00637,1,0.0
INN00638,0,0.0
INN00640,0,0.0
INN00646,1,0.0
INN00649,1,1.0
INN00651,0,0.0
INN00654,0,0.0
INN00662,0,0.0
INN00666,1,1.0
INN00672,1,1.0
INN00673,0,0.0
INN00676,0,0.0
INN00681,0,0.0
INN00686,0,1.0
INN00687,0,0.0
INN00691,1,1.0
INN00693,1,1.0
INN00701,1,1.0
INN00707,0,0.0
INN00713,0,1.0
INN00715,0,0.0
INN00719,1,1.0
INN00721,0,0.0
INN00722,0,0.0
INN00723,1,0.0
INN00731,0,0.0
INN00738,1,1.0
INN00739,0,0.0
INN00741,0,0.0
INN00750,1,1.0
INN00753,0,0.0
INN00755,0,0.0
INN00762,1,0.0
INN00769,0,0.0
INN00774,0,0.0
INN00775,0,0.0
INN00777,0,0.0
INN00781,0,0.0
INN00783,0,0.0
INN00793,0,0.0
INN00797,1,1.0
INN00800,0,0.0
INN00802,0,0.0
INN00809,0,0.0
INN00812,0,0.0
INN00814,0,0.0
INN00819,1,1.0
INN00821,0,0.0
INN00824,1,1.0
INN00825,0,0.0
INN00830,1,0.0
INN00845,0,0.0
INN00846,0,0.0
INN00851,0,0.0
INN00858,0,0.0
INN00859,1,1.0
INN00862,1,1.0
INN00868,0,1.0
INN00873,0,0.0
INN00877,0,0.0
INN00879,0,0.0
INN00880,0,0.0
INN00890,1,1.0
INN00891,0,0.0
INN00892,1,1.0
INN00908,1,1.0
INN00914,0,0.0
INN00915,0,0.0
INN00918,0,0.0
INN00923,0,0.0
INN00926,0,0.0
INN00934,0,0.0
INN00938,0,0.0
INN00946,1,0.0
INN00948,0,0.0
INN00954,1,1.0
INN00968,0,0.0
INN00971,0,0.0
INN00974,0,0.0
INN00976,0,0.0
INN00977,0,0.0
INN00978,0,0.0
INN00986,0,0.0
INN00989,0,0.0
INN00999,0,0.0
INN01009,0,0.0
INN01022,0,0.0
INN01024,0,0.0
INN01036,1,1.0
INN01040,0,0.0
INN01041,1,1.0
INN01060,0,0.0
INN01064,0,0.0
INN01069,0,0.0
INN01079,1,0.0
INN01086,1,0.0
INN01090,1,1.0
INN01095,0,0.0
INN01105,0,0.0
INN01106,0,0.0
INN01113,1,1.0
INN01116,0,0.0
INN01120,1,1.0
INN01121,0,0.0
INN01125,1,1.0
INN01127,0,0.0
INN01137,0,0.0
INN01141,0,0.0
INN01146,1,1.0
INN01147,1,0.0
INN01153,0,1.0
INN01157,0,0.0
INN01158,0,0.0
INN01162,0,0.0
INN01177,0,0.0
INN01187,1,1.0
INN01198,0,0.0
INN01199,1,1.0
INN01200,0,0.0
INN01207,0,0.0
INN01210,0,0.0
INN01220,0,0.0
INN01225,1,1.0
INN01237,1,1.0
INN01241,1,0.0
INN01246,0,0.0
INN01247,0,0.0
INN01249,0,0.0
INN01253,0,0.0
INN01259,1,1.0
INN01275,0,0.0
INN01284,0,0.0
INN01289,0,0.0
INN01301,0,0.0
INN01303,1,1.0
INN01310,0,0.0
INN01315,1,1.0
INN01317,0,1.0
INN01321,1,1.0
INN01325,1,1.0
INN01330,0,0.0
INN01332,0,0.0
INN01335,0,0.0
INN01341,1,1.0
INN01345,1,1.0
INN01346,1,1.0
INN01347,0,1.0
INN01351,0,0.0
INN01353,0,0.0
INN01354,1,0.0
INN01358,1,1.0
INN01360,0,0.0
INN01379,0,0.0
INN01382,0,0.0
INN01388,0,0.0
INN01410,1,1.0
INN01428,0,0.0
INN01430,0,0.0
INN01431,0,0.0
INN01434,0,0.0
INN01438,1,1.0
INN01439,0,0.0
INN01441,1,1.0
INN01442,0,0.0
INN01451,1,0.0
INN01455,0,0.0
INN01458,0,0.0
INN01467,0,0.0
INN01473,0,0.0
INN01475,0,1.0
INN01479,0,0.0
INN01481,1,1.0
INN01482,0,0.0
INN01488,0,0.0
INN01491,0,0.0
INN01493,0,0.0
INN01499,0,0.0
INN01501,0,0.0
INN01502,1,1.0
INN01507,0,0.0
INN01511,0,0.0
INN01514,1,1.0
INN01521,0,0.0
INN01540,0,0.0
INN01545,0,0.0
INN01546,1,1.0
INN01548,0,0.0
INN01550,0,0.0
INN01552,0,0.0
INN01553,0,0.0
INN01554,1,1.0
INN01559,1,1.0
INN01563,0,0.0
INN01564,0,0.0
INN01568,0,0.0
INN01572,1,1.0
INN01592,0,1.0
INN01611,0,0.0
INN01614,0,0.0
INN01621,0,0.0
INN01624,0,0.0
INN01625,1,0.0
INN01637,0,0.0
INN01639,0,0.0
INN01640,0,0.0
INN01642,0,0.0
INN01645,0,1.0
INN01649,0,0.0
INN01660,1,1.0
INN01661,0,0.0
INN01663,0,0.0
INN01665,0,0.0
INN01667,0,0.0
INN01671,0,0.0
INN01677,0,1.0
INN01698,0,0.0
INN01703,0,0.0
INN01707,0,0.0
INN01712,0,0.0
INN01716,0,0.0
INN01717,0,1.0
INN01722,1,1.0
INN01725,1,1.0
INN01737,1,1.0
INN01738,0,0.0
INN01760,0,0.0
INN01761,0,0.0
INN01762,1,0.0
INN01764,1,1.0
INN01765,1,1.0
INN01778,0,0.0
INN01779,0,0.0
INN01789,1,0.0
INN01792,0,0.0
INN01794,0,1.0
INN01795,0,1.0
INN01803,1,0.0
INN01807,0,0.0
INN01815,1,1.0
INN01824,0,0.0
INN01827,1,1.0
INN01832,0,0.0
INN01838,0,0.0
INN01843,0,1.0
INN01844,1,1.0
INN01851,0,1.0
INN01852,1,1.0
INN01854,1,1.0
INN01855,0,0.0
INN01866,1,1.0
INN01876,0,0.0
INN01883,1,1.0
INN01891,1,1.0
INN01896,0,0.0
INN01911,0,0.0
INN01914,0,0.0
INN01915,1,1.0
INN01920,0,0.0
INN01922,0,0.0
INN01926,1,1.0
INN01933,0,0.0
INN01939,0,0.0
INN01941,1,1.0
INN01959,1,1.0
INN01964,1,1.0
INN01966,1,1.0
INN01968,0,0.0
INN01970,0,0.0
INN01975,1,1.0
INN01978,0,0.0
INN01980,0,0.0
INN01985,0,0.0
INN01989,0,0.0
INN01994,0,1.0
INN01997,1,1.0
INN02007,0,0.0
INN02013,1,0.0
INN02024,0,0.0
INN02026,1,1.0
INN02027,0,1.0
INN02029,0,0.0
INN02033,1,1.0
INN02043,0,0.0
INN02044,1,1.0
INN02058,1,1.0
INN02059,0,0.0
INN02060,1,1.0
INN02064,0,0.0
INN02067,0,0.0
INN02070,0,0.0
INN02074,1,1.0
INN02076,1,1.0
INN02080,0,0.0
INN02085,1,0.0
INN02090,0,0.0
INN02093,0,0.0
INN02097,0,1.0
INN02105,1,0.0
INN02106,1,1.0
INN02113,0,0.0
INN02114,1,1.0
INN02115,0,0.0
INN02116,0,0.0
INN02117,1,1.0
INN02121,0,0.0
INN02132,0,0.0
INN02135,0,0.0
INN02139,0,1.0
INN02148,1,1.0
INN02150,1,1.0
INN02151,1,1.0
INN02155,1,1.0
INN02161,1,0.0
INN02166,0,0.0
INN02186,0,0.0
INN02191,1,1.0
INN02193,0,0.0
INN02200,0,1.0
INN02221,1,1.0
INN02233,0,1.0
INN02239,1,1.0
INN02242,0,0.0
INN02244,0,0.0
INN02246,1,1.0
INN02249,0,0.0
INN02256,1,1.0
INN02257,1,0.0
INN02261,1,0.0
INN02263,0,0.0
INN02264,0,0.0
INN02265,0,0.0
INN02266,0,0.0
INN02280,1,1.0
INN02288,0,0.0
INN02308,1,1.0
INN02323,0,0.0
INN02324,0,0.0
INN02325,0,0.0
INN02334,0,0.0
INN02336,0,0.0
INN02344,0,0.0
INN02349,0,1.0
INN02350,0,0.0
INN02354,0,0.0
INN02359,0,0.0
INN02369,0,1.0
INN02370,1,1.0
INN02375,1,1.0
INN02377,0,0.0
INN02378,0,0.0
INN02381,0,0.0
INN02392,1,1.0
INN02401,0,0.0
INN02405,0,0.0
INN02410,1,0.0
INN02418,1,1.0
INN02420,0,0.0
INN02429,0,0.0
INN02437,1,1.0
INN02439,0,0.0
INN02442,0,0.0
INN02444,0,0.0
INN02451,1,1.0
INN02452,0,0.0
INN02454,0,0.0
INN02459,1,0.0
INN02467,0,0.0
INN02471,1,1.0
INN02475,1,1.0
INN02477,0,1.0
INN02479,0,0.0
INN02482,0,0.0
INN02491,1,1.0
INN02499,0,0.0
INN02523,1,1.0
INN02527,1,1.0
INN02531,0,0.0
INN02536,0,0.0
INN02539,0,0.0
INN02546,0,1.0
INN02548,0,0.0
INN02551,1,1.0
INN02555,1,1.0
INN02556,0,0.0
INN02567,1,1.0
INN02571,0,0.0
INN02587,1,1.0
INN02591,0,0.0
INN02607,1,1.0
INN02611,1,1.0
INN02613,0,0.0
INN02622,1,1.0
INN02625,0,0.0
INN02628,1,1.0
INN02630,1,0.0
INN02631,1,1.0
INN02632,0,0.0
INN02638,0,0.0
INN02640,0,0.0
INN02643,0,0.0
INN02649,0,0.0
INN02651,0,0.0
INN02655,1,1.0
INN02658,0,0.0
INN02661,0,0.0
INN02668,0,0.0
INN02671,0,0.0
INN02681,0,0.0
INN02687,0,0.0
INN02693,1,1.0
INN02697,0,0.0
INN02712,0,0.0
INN02714,1,1.0
INN02719,0,0.0
INN02722,0,0.0
INN02729,0,1.0
INN02732,0,1.0
INN02733,0,0.0
INN02739,0,0.0
INN02744,0,0.0
INN02748,1,0.0
INN02751,1,1.0
INN02757,0,0.0
INN02759,0,0.0
INN02760,1,1.0
INN02764,1,1.0
INN02766,0,0.0
INN02767,0,0.0
INN02775,0,0.0
INN02781,1,1.0
INN02784,0,0.0
INN02787,0,0.0
INN02792,0,0.0
INN02794,1,0.0
INN02795,1,1.0
INN02801,0,0.0
INN02808,0,0.0
INN02814,0,0.0
INN02816,1,0.0
INN02818,0,1.0
INN02821,0,0.0
INN02828,0,0.0
INN02832,0,0.0
INN02835,0,0.0
INN02838,0,0.0
INN02845,0,0.0
INN02849,0,0.0
INN02853,0,0.0
INN02857,0,0.0
INN02859,1,0.0
INN02860,0,0.0
INN02866,0,0.0
INN02868,0,1.0
INN02871,1,1.0
INN02875,0,0.0
INN02879,0,0.0
INN02887,0,0.0
INN02888,0,0.0
INN02891,0,0.0
INN02897,0,1.0
INN02898,0,0.0
INN02909,0,0.0
INN02913,1,0.0
INN02915,0,0.0
INN02918,0,0.0
INN02922,0,0.0
INN02931,0,1.0
INN02933,1,1.0
INN02939,1,1.0
INN02942,0,0.0
INN02948,0,0.0
INN02951,0,0.0
INN02968,0,0.0
INN02979,0,0.0
INN02980,0,1.0
INN02981,1,1.0
INN02982,1,1.0
INN02985,1,0.0
INN02993,0,0.0
INN02995,0,0.0
INN02997,1,1.0
INN02999,1,1.0
INN03000,0,0.0
INN03015,1,1.0
INN03020,0,0.0
INN03022,0,0.0
INN03026,0,0.0
INN03033,0,0.0
INN03036,0,0.0
INN03051,0,0.0
INN03052,1,1.0
INN03074,0,0.0
INN03083,1,1.0
INN03084,0,1.0
INN03088,1,1.0
INN03099,0,0.0
INN03101,1,1.0
INN03102,0,0.0
INN03106,0,0.0
INN03110,1,1.0
INN03132,0,0.0
INN03133,1,1.0
INN03134,0,0.0
INN03139,0,0.0
INN03141,1,1.0
INN03143,0,1.0
INN03144,1,1.0
INN03150,0,0.0
INN03151,0,0.0
INN03159,0,0.0
INN03160,1,1.0
INN03161,0,0.0
INN03168,0,0.0
INN03175,1,0.0
INN03181,0,0.0
INN03184,0,0.0
INN03201,0,0.0
INN03205,1,0.0
INN03207,0,0.0
INN03213,0,0.0
INN03217,1,0.0
INN03222,1,0.0
INN03231,1,1.0
INN03233,1,1.0
INN03235,0,1.0
INN03237,0,1.0
INN03245,0,0.0
INN03247,0,0.0
INN03249,1,1.0
INN03250,0,0.0
INN03259,0,0.0
INN03271,0,1.0
INN03277,0,0.0
INN03284,0,0.0
INN03286,0,0.0
INN03291,1,1.0
INN03292,0,0.0
INN03294,0,0.0
INN03295,0,0.0
INN03303,0,0.0
INN03305,0,0.0
INN03308,0,0.0
INN03309,0,0.0
INN03310,0,0.0
INN03314,0,0.0
INN03315,0,0.0
INN03319,1,1.0
INN03324,0,0.0
INN03336,0,0.0
INN03337,1,1.0
INN03344,1,0.0
INN03349,0,0.0
INN03363,0,0.0
INN03370,0,0.0
INN03380,0,0.0
INN03381,1,0.0
INN03383,0,0.0
INN03384,0,0.0
INN03388,0,0.0
INN03389,0,0.0
INN03393,1,1.0
INN03405,1,0.0
INN03417,0,0.0
INN03419,1,1.0
INN03424,0,0.0
INN03427,0,1.0
INN03429,0,0.0
INN03438,0,0.0
INN03439,1,1.0
INN03444,0,0.0
INN03448,0,0.0
INN03457,0,0.0
INN03463,0,0.0
INN03464,1,1.0
INN03474,0,0.0
INN03476,0,0.0
INN03478,0,0.0
INN03479,0,0.0
INN03485,0,0.0
INN03490,0,0.0
INN03492,0,0.0
INN03497,1,1.0
INN03504,0,0.0
INN03507,0,0.0
INN03514,0,0.0
INN03515,1,1.0
INN03519,0,0.0
INN03520,0,1.0
INN03525,0,1.0
INN03529,0,0.0
INN03531,0,0.0
INN03549,0,0.0
INN03550,1,1.0
INN03552,0,1.0
INN03553,0,0.0
INN03562,1,1.0
INN03567,0,0.0
INN03572,0,0.0
INN03574,1,1.0
INN03576,1,1.0
INN03582,0,1.0
INN03600,1,1.0
INN03605,0,0.0
INN03611,0,0.0
INN03612,0,0.0
INN03615,0,0.0
INN03623,0,0.0
INN03625,1,1.0
INN03633,1,1.0
INN03641,0,0.0
INN03645,1,0.0
INN03652,1,1.0
INN03657,1,1.0
INN03659,1,0.0
INN03666,0,0.0
INN03671,1,0.0
INN03675,1,1.0
INN03676,0,0.0
INN03680,0,0.0
INN03684,0,0.0
INN03689,0,0.0
INN03690,1,1.0
INN03694,0,0.0
INN03705,1,1.0
INN03726,0,0.0
INN03731,1,0.0
INN03732,0,0.0
INN03737,1,1.0
INN03739,0,1.0
INN03753,1,1.0
INN03756,0,1.0
INN03766,1,1.0
INN03774,0,0.0
INN03785,0,0.0
INN03787,1,0.0
INN03789,1,0.0
INN03790,1,1.0
INN03794,0,0.0
INN03798,0,0.0
INN03806,0,0.0
INN03807,0,0.0
INN03809,0,0.0
INN03810,0,0.0
INN03817,0,0.0
INN03836,0,0.0
INN03840,1,1.0
INN03853,1,1.0
INN03856,0,0.0
INN03867,0,0.0
INN03872,1,1.0
INN03875,0,1.0
INN03876,0,0.0
INN03880,1,1.0
INN03884,0,0.0
INN03890,1,0.0
INN03894,0,0.0
INN03896,0,0.0
INN03903,0,1.0
INN03906,0,0.0
INN03911,1,1.0
INN03914,0,0.0
INN03930,0,0.0
INN03938,1,1.0
INN03939,1,1.0
INN03945,0,0.0
INN03955,0,0.0
INN03960,1,0.0
INN03964,1,1.0
INN03969,0,0.0
INN03980,0,1.0
INN03991,1,1.0
INN03996,1,1.0
INN03998,1,1.0
INN03999,1,1.0
INN04000,0,0.0
INN04003,1,0.0
INN04009,0,1.0
INN04014,1,0.0
INN04015,0,0.0
INN04022,0,0.0
INN04028,0,0.0
INN04034,0,0.0
INN04041,1,1.0
INN04045,0,0.0
INN04053,0,0.0
INN04060,0,0.0
INN04067,0,0.0
INN04076,0,0.0
INN04078,0,0.0
INN04079,0,1.0
INN04084,0,0.0
INN04091,0,1.0
INN04101,0,0.0
INN04106,0,0.0
INN04123,1,0.0
INN04124,0,0.0
INN04129,1,1.0
INN04140,1,1.0
INN04149,1,0.0
INN04154,0,0.0
INN04177,1,1.0
INN04182,1,0.0
INN04193,0,0.0
INN04195,0,0.0
INN04205,0,0.0
INN04217,0,0.0
INN04236,0,0.0
INN04237,0,0.0
INN04243,0,0.0
INN04248,1,1.0
INN04263,0,0.0
INN04277,0,0.0
INN04279,1,1.0
INN04288,0,0.0
INN04293,0,0.0
INN04294,0,0.0
INN04297,0,0.0
INN04304,1,1.0
INN04309,0,1.0
INN04317,0,0.0
INN04320,0,0.0
INN04334,1,1.0
INN04336,0,0.0
INN04341,0,1.0
INN04342,0,0.0
INN04345,0,0.0
INN04347,0,0.0
INN04363,1,1.0
INN04377,1,1.0
INN04403,1,1.0
INN04406,1,1.0
INN04413,1,1.0
INN04415,1,1.0
INN04418,0,1.0
INN04420,0,0.0
INN04421,1,1.0
INN04423,1,1.0
INN04424,0,0.0
INN04428,0,0.0
INN04432,0,0.0
INN04448,0,0.0
INN04452,1,0.0
INN04456,1,1.0
INN04463,0,0.0
INN04464,0,0.0
INN04465,0,0.0
INN04472,0,0.0
INN04478,0,1.0
INN04479,0,0.0
INN04480,0,0.0
INN04486,0,0.0
INN04487,0,0.0
INN04491,0,0.0
INN04492,0,0.0
INN04496,0,0.0
INN04501,1,1.0
INN04503,0,0.0
INN04509,1,1.0
INN04514,0,1.0
INN04515,0,0.0
INN04517,1,1.0
INN04526,0,0.0
INN04528,0,1.0
INN04559,0,0.0
INN04565,0,0.0
INN04569,0,0.0
INN04573,1,0.0
INN04576,0,0.0
INN04580,0,0.0
INN04584,1,0.0
INN04605,0,0.0
INN04615,0,0.0
INN04625,1,1.0
INN04643,0,0.0
INN04645,0,0.0
INN04646,0,0.0
INN04649,0,0.0
INN04653,0,0.0
INN04657,1,1.0
INN04670,0,0.0
INN04674,1,1.0
INN04676,1,1.0
INN04679,0,0.0
INN04681,1,1.0
INN04683,1,1.0
INN04690,0,0.0
INN04696,1,0.0
INN04698,1,1.0
INN04699,0,1.0
INN04707,1,1.0
INN04710,0,0.0
INN04713,0,0.0
INN04718,1,1.0
INN04720,1,1.0
INN04723,0,0.0
INN04724,0,0.0
INN04725,1,0.0
INN04728,1,1.0
INN04733,0,0.0
INN04739,1,1.0
INN04746,0,0.0
INN04747,1,1.0
INN04753,1,0.0
INN04755,1,1.0
INN04761,0,0.0
INN04763,0,1.0
INN04768,0,0.0
INN04773,0,0.0
INN04775,1,0.0
INN04780,0,0.0
INN04788,0,0.0
INN04791,0,0.0
INN04795,1,0.0
INN04796,0,0.0
INN04802,0,0.0
INN04803,0,0.0
INN04810,0,0.0
INN04815,1,1.0
INN04816,1,1.0
INN04820,0,0.0
INN04822,0,0.0
INN04826,1,0.0
INN04831,0,0.0
INN04842,0,0.0
INN04848,0,0.0
INN04853,0,0.0
INN04861,0,1.0
INN04864,0,0.0
INN04865,0,0.0
INN04874,0,0.0
INN04876,0,0.0
INN04887,0,0.0
INN04898,0,0.0
INN04900,1,1.0
INN04911,0,0.0
INN04921,0,0.0
INN04927,0,0.0
INN04931,0,0.0
INN04933,1,1.0
INN04938,0,0.0
INN04945,0,0.0
INN04946,0,0.0
INN04948,1,1.0
INN04956,0,0.0
INN04959,0,0.0
INN04960,1,1.0
INN04966,1,1.0
INN04974,0,0.0
INN04981,1,1.0
INN04982,0,0.0
INN04984,0,1.0
INN04990,1,1.0
INN04992,0,1.0
INN05001,0,0.0
INN05003,0,0.0
INN05009,0,0.0
INN05016,1,1.0
INN05018,0,0.0
INN05020,1,1.0
INN05023,0,0.0
INN05029,0,0.0
INN05047,1,0.0
INN05053,1,0.0
INN05062,1,1.0
INN05071,0,0.0
INN05072,0,0.0
INN05081,1,1.0
INN05087,0,0.0
INN05090,1,1.0
INN05093,0,0.0
INN05097,0,1.0
INN05100,0,0.0
INN05103,1,0.0
INN05107,1,1.0
INN05118,0,1.0
INN05122,1,1.0
INN05124,0,0.0
INN05129,0,0.0
INN05131,0,0.0
INN05137,0,0.0
INN05138,1,1.0
INN05143,0,0.0
INN05160,0,0.0
INN05165,1,1.0
INN05167,0,0.0
INN05170,0,0.0
INN05185,0,0.0
INN05187,0,0.0
INN05192,0,0.0
INN05202,0,0.0
INN05210,0,0.0
INN05213,1,0.0
INN05220,1,0.0
INN05230,0,0.0
INN05240,1,1.0
INN05244,0,0.0
INN05245,0,0.0
INN05249,0,0.0
INN05251,0,0.0
INN05267,0,0.0
INN05269,1,0.0
INN05271,0,0.0
INN05278,0,0.0
INN05286,1,1.0
INN05293,1,0.0
INN05303,1,1.0
INN05313,1,0.0
INN05315,1,1.0
INN05319,0,0.0
INN05323,1,0.0
INN05330,0,0.0
INN05339,1,0.0
INN05344,0,1.0
INN05346,0,0.0
INN05349,0,0.0
INN05351,1,0.0
INN05353,0,0.0
INN05359,1,1.0
INN05364,0,0.0
INN05367,1,1.0
INN05372,1,0.0
INN05373,0,0.0
INN05375,0,0.0
INN05376,0,0.0
INN05387,0,0.0
INN05389,0,0.0
INN05397,0,0.0
INN05404,0,1.0
INN05411,0,0.0
INN05413,1,0.0
INN05423,1,1.0
INN05430,1,1.0
INN05437,0,0.0
INN05439,1,1.0
INN05441,0,0.0
INN05442,0,0.0
INN05445,1,1.0
INN05450,0,0.0
INN05459,0,0.0
INN05461,1,1.0
INN05463,0,0.0
INN05472,0,0.0
INN05475,0,1.0
INN05480,0,0.0
INN05486,1,1.0
INN05490,1,1.0
INN05526,1,1.0
INN05535,1,1.0
INN05537,0,0.0
INN05545,0,0.0
INN05546,0,0.0
INN05547,1,1.0
INN05550,1,0.0
INN05553,1,1.0
INN05554,1,1.0
INN05558,1,1.0
INN05559,1,0.0
INN05568,0,0.0
INN05574,0,0.0
INN05584,0,1.0
INN05585,1,1.0
INN05586,1,1.0
INN05587,0,0.0
INN05608,0,0.0
INN05611,0,0.0
INN05623,0,0.0
INN05624,1,1.0
INN05630,1,1.0
INN05633,0,0.0
INN05634,0,1.0
INN05641,1,1.0
INN05657,0,0.0
INN05662,0,0.0
INN05678,1,1.0
INN05686,0,0.0
INN05690,1,1.0
INN05694,0,0.0
INN05696,1,0.0
INN05698,0,0.0
INN05710,0,1.0
INN05716,0,1.0
INN05727,1,0.0
INN05735,0,0.0
INN05743,0,0.0
INN05746,0,0.0
INN05752,0,0.0
INN05753,0,0.0
INN05758,0,0.0
INN05759,1,0.0
INN05761,0,0.0
INN05767,0,0.0
INN05775,0,0.0
INN05776,0,0.0
INN05805,0,0.0
INN05808,0,0.0
INN05816,0,0.0
INN05817,1,1.0
INN05820,0,0.0
INN05822,0,0.0
INN05823,1,1.0
INN05832,0,0.0
INN05833,0,0.0
INN05838,0,0.0
INN05846,1,1.0
INN05849,0,0.0
INN05851,0,0.0
INN05858,1,0.0
INN05861,0,0.0
INN05863,0,0.0
INN05866,1,1.0
INN05876,0,0.0
INN05878,0,0.0
INN05880,0,0.0
INN05886,0,0.0
INN05894,1,1.0
INN05903,0,0.0
INN05911,0,0.0
INN05914,0,0.0
INN05915,1,0.0
INN05930,0,0.0
INN05932,0,1.0
INN05940,1,1.0
INN05942,0,0.0
INN05955,1,1.0
INN05956,0,0.0
INN05959,0,0.0
INN05962,0,0.0
INN05970,0,0.0
INN05971,0,0.0
INN05975,0,0.0
INN05991,1,0.0
INN05996,0,0.0
INN05997,0,0.0
INN06009,1,1.0
INN06013,1,1.0
INN06021,1,0.0
INN06024,0,0.0
INN06025,0,0.0
INN06028,1,1.0
INN06041,1,0.0
INN06044,0,0.0
INN06046,0,0.0
INN06050,0,0.0
INN06051,0,0.0
INN06060,0,0.0
INN06078,0,0.0
INN06080,0,0.0
INN06103,0,0.0
INN06111,0,0.0
INN06113,0,0.0
INN06114,0,0.0
INN06125,1,1.0
INN06139,1,1.0
INN06143,0,0.0
INN06145,0,0.0
INN06147,1,0.0
INN06148,0,0.0
INN06152,1,0.0
INN06157,0,0.0
INN06163,0,1.0
INN06168,1,1.0
INN06170,0,0.0
INN06172,1,0.0
INN06175,0,0.0
INN06180,0,0.0
INN06182,0,0.0
INN06185,0,0.0
INN06192,0,0.0
INN06202,1,1.0
INN06205,0,0.0
INN06216,1,1.0
INN06219,1,0.0
INN06220,0,0.0
INN06222,1,1.0
INN06224,0,0.0
INN06227,1,0.0
INN06228,0,0.0
INN06233,0,0.0
INN06238,0,0.0
INN06241,0,0.0
INN06246,0,0.0
INN06252,0,0.0
INN06254,0,0.0
INN06257,0,0.0
INN06261,0,0.0
INN06268,0,0.0
INN06275,1,1.0
INN06278,0,0.0
INN06280,0,0.0
INN06281,1,1.0
INN06286,0,0.0
INN06296,0,1.0
INN06300,0,0.0
INN06306,0,0.0
INN06307,1,1.0
INN06312,0,1.0
INN06319,1,1.0
INN06321,1,1.0
INN06323,1,1.0
INN06325,1,1.0
INN06329,1,1.0
INN06346,0,0.0
INN06356,1,0.0
INN06367,1,1.0
INN06378,1,0.0
INN06379,0,0.0
INN06382,0,1.0
INN06384,1,1.0
INN06386,0,0.0
INN06388,1,1.0
INN06405,0,0.0
INN06414,0,1.0
INN06429,0,0.0
INN06431,1,1.0
INN06436,1,1.0
INN06441,1,1.0
INN06458,0,1.0
INN06461,0,0.0
INN06463,0,0.0
INN06472,0,0.0
INN06487,0,0.0
INN06488,0,0.0
INN06493,1,0.0
INN06495,0,0.0
INN06497,0,0.0
INN06505,1,1.0
INN06511,1,0.0
INN06514,1,0.0
INN06518,1,1.0
INN06520,0,0.0
INN06521,0,0.0
INN06527,1,1.0
INN06533,0,0.0
INN06534,0,0.0
INN06548,0,0.0
INN06554,0,0.0
INN06555,0,0.0
INN06559,1,0.0
INN06562,0,0.0
INN06565,0,0.0
INN06573,0,1.0
INN06578,0,0.0
INN06583,0,0.0
INN06587,1,0.0
INN06591,1,1.0
INN06595,1,1.0
INN06609,0,0.0
INN06614,1,1.0
INN06615,0,0.0
INN06618,1,0.0
INN06623,0,0.0
INN06664,0,0.0
INN06670,1,0.0
INN06681,0,0.0
INN06693,0,0.0
INN06696,1,1.0
INN06699,0,0.0
INN06702,0,0.0
INN06707,0,0.0
INN06712,0,0.0
INN06720,0,0.0
INN06723,0,0.0
INN06726,1,1.0
INN06729,0,0.0
INN06733,0,0.0
INN06734,1,1.0
INN06736,1,1.0
INN06744,0,0.0
INN06749,0,0.0
INN06753,1,1.0
INN06756,0,0.0
INN06794,0,0.0
INN06798,0,0.0
INN06801,0,0.0
INN06803,0,0.0
INN06813,0,1.0
INN06829,0,0.0
INN06831,0,0.0
INN06832,0,0.0
INN06836,0,0.0
INN06840,1,1.0
INN06843,0,0.0
INN06847,0,0.0
INN06851,1,1.0
INN06853,0,0.0
INN06859,1,1.0
INN06861,0,0.0
INN06865,1,1.0
INN06867,1,1.0
INN06868,0,0.0
INN06873,0,0.0
INN06875,0,0.0
INN06876,0,0.0
INN06880,1,0.0
INN06883,0,0.0
INN06885,0,1.0
INN06891,0,0.0
INN06897,0,0.0
INN06901,1,1.0
INN06903,0,0.0
INN06909,1,1.0
INN06913,1,1.0
INN06919,1,1.0
INN06920,0,0.0
INN06930,0,1.0
INN06939,0,0.0
INN06944,0,0.0
INN06947,0,0.0
INN06953,0,0.0
INN06970,0,0.0
INN06974,1,1.0
INN06979,0,1.0
INN06980,1,0.0
INN06984,0,0.0
INN06988,0,0.0
INN06989,0,0.0
INN06996,0,0.0
INN06997,0,0.0
INN06998,0,0.0
INN07002,0,0.0
INN07007,0,0.0
INN07010,1,1.0
INN07014,0,0.0
INN07016,0,0.0
INN07026,1,0.0
INN07028,0,0.0
INN07029,0,1.0
INN07040,0,0.0
INN07043,0,0.0
INN07055,0,0.0
INN07058,1,0.0
INN07061,1,1.0
INN07068,0,0.0
INN07071,0,0.0
INN07072,0,0.0
INN07075,0,0.0
INN07076,0,0.0
INN07080,1,1.0
INN07081,1,0.0
INN07082,0,0.0
INN07084,0,0.0
INN07087,0,1.0
INN07094,1,1.0
INN07104,1,1.0
INN07105,0,0.0
INN07116,1,1.0
INN07120,0,0.0
INN07123,0,0.0
INN07126,0,0.0
INN07130,0,0.0
INN07133,0,0.0
INN07137,0,0.0
INN07141,1,1.0
INN07143,0,0.0
INN07150,0,0.0
INN07156,1,0.0
INN07161,0,0.0
INN07168,0,0.0
INN07172,0,0.0
INN07177,0,0.0
INN07180,1,1.0
INN07191,0,1.0
INN07198,0,0.0
INN07206,0,0.0
INN07207,0,0.0
INN07208,0,0.0
INN07214,0,0.0
INN07221,1,0.0
INN07230,0,0.0
INN07239,0,0.0
INN07240,0,0.0
INN07263,0,0.0
INN07266,0,0.0
INN07270,0,0.0
INN07272,0,1.0
INN07273,0,0.0
INN07274,1,1.0
INN07277,0,0.0
INN07278,0,0.0
INN07281,0,0.0
INN07301,0,0.0
INN07305,0,0.0
INN07312,0,0.0
INN07313,1,1.0
INN07316,0,0.0
INN07319,0,1.0
INN07322,0,0.0
INN07323,0,0.0
INN07326,0,0.0
INN07342,0,0.0
INN07344,0,0.0
INN07349,1,0.0
INN07350,0,0.0
INN07352,0,1.0
INN07356,0,0.0
INN07359,1,1.0
INN07360,0,1.0
INN07363,0,0.0
INN07364,1,0.0
INN07377,1,1.0
INN07386,0,0.0
INN07388,1,1.0
INN07396,1,1.0
INN07399,0,0.0
INN07403,0,0.0
INN07412,1,0.0
INN07415,0,0.0
INN07425,1,1.0
INN07427,1,1.0
INN07428,0,0.0
INN07436,0,0.0
INN07459,0,0.0
INN07460,1,0.0
INN07467,0,0.0
INN07471,0,0.0
INN07474,0,0.0
INN07475,1,0.0
INN07477,0,0.0
INN07484,0,0.0
INN07487,0,0.0
INN07490,0,0.0
INN07492,0,0.0
INN07501,0,0.0
INN07502,0,0.0
INN07503,0,0.0
INN07504,0,0.0
INN07510,0,0.0
INN07513,0,1.0
INN07516,1,1.0
INN07532,0,0.0
INN07545,0,0.0
INN07556,0,0.0
INN07564,0,0.0
INN07572,0,1.0
INN07579,0,0.0
INN07583,0,0.0
INN07587,0,0.0
INN07591,0,0.0
INN07592,0,1.0
INN07597,0,0.0
INN07607,0,0.0
INN07614,0,0.0
INN07628,1,1.0
INN07630,0,0.0
INN07632,0,1.0
INN07640,0,0.0
INN07642,0,0.0
INN07643,0,0.0
INN07657,0,0.0
INN07669,1,1.0
INN07673,0,0.0
INN07674,0,0.0
INN07682,0,0.0
INN07683,0,1.0
INN07684,0,1.0
INN07685,0,0.0
INN07693,1,1.0
INN07700,0,0.0
INN07703,1,0.0
INN07708,0,1.0
INN07713,0,0.0
INN07715,0,0.0
INN07717,0,0.0
INN07723,0,0.0
INN07725,0,0.0
INN07730,1,1.0
INN07731,0,1.0
INN07742,0,0.0
INN07744,1,1.0
INN07748,1,1.0
INN07750,0,0.0
INN07769,1,1.0
INN07771,0,0.0
INN07776,0,0.0
INN07778,0,0.0
INN07779,1,1.0
INN07782,1,1.0
INN07788,0,0.0
INN07789,0,1.0
INN07796,1,1.0
INN07799,1,0.0
INN07809,0,0.0
INN07811,0,0.0
INN07823,0,1.0
INN07829,1,0.0
INN07833,1,0.0
INN07835,0,0.0
INN07851,0,0.0
INN07859,0,0.0
INN07863,0,0.0
INN07867,1,1.0
INN07868,0,0.0
INN07870,1,0.0
INN07872,0,0.0
INN07874,1,1.0
INN07883,0,0.0
INN07884,0,0.0
INN07901,1,0.0
INN07905,0,1.0
INN07908,1,1.0
INN07919,0,1.0
INN07924,0,0.0
INN07927,0,0.0
INN07935,1,1.0
INN07937,0,1.0
INN07950,0,0.0
INN07951,0,0.0
INN07952,0,0.0
INN07954,0,0.0
INN07966,0,0.0
INN07968,1,1.0
INN07975,1,1.0
INN07979,1,0.0
INN07985,0,0.0
INN07987,0,0.0
INN08002,0,0.0
INN08026,0,0.0
INN08028,1,1.0
INN08029,1,1.0
INN08031,0,0.0
INN08043,0,0.0
INN08053,0,0.0
INN08056,0,0.0
INN08057,0,0.0
INN08061,0,1.0
INN08065,0,0.0
INN08067,1,1.0
INN08071,0,0.0
INN08075,0,0.0
INN08077,1,1.0
INN08078,1,1.0
INN08080,0,0.0
INN08081,0,0.0
INN08083,0,0.0
INN08090,0,0.0
INN08094,0,0.0
INN08109,0,0.0
INN08113,0,0.0
INN08116,0,0.0
INN08124,1,1.0
INN08131,0,0.0
INN08138,0,1.0
INN08143,1,1.0
INN08144,0,0.0
INN08160,0,0.0
INN08168,1,1.0
INN08171,0,0.0
INN08176,1,1.0
INN08178,1,0.0
INN08181,0,0.0
INN08185,0,0.0
INN08188,0,0.0
INN08191,0,0.0
INN08192,0,0.0
INN08194,0,0.0
INN08202,0,0.0
INN08203,0,0.0
INN08207,0,0.0
INN08208,0,0.0
INN08213,0,0.0
INN08215,1,0.0
INN08218,0,0.0
INN08220,0,0.0
INN08221,0,0.0
INN08228,0,0.0
INN08231,1,0.0
INN08241,0,0.0
INN08243,0,0.0
INN08245,0,0.0
INN08248,0,0.0
INN08252,1,1.0
INN08255,1,0.0
INN08258,0,0.0
INN08265,1,0.0
INN08266,1,1.0
INN08267,0,0.0
INN08285,0,0.0
INN08289,0,0.0
INN08292,0,0.0
INN08310,0,0.0
INN08313,0,0.0
INN08327,0,0.0
INN08328,1,0.0
INN08335,1,1.0
INN08336,0,0.0
INN08340,1,1.0
INN08342,0,0.0
INN08343,0,0.0
INN08344,0,0.0
INN08345,1,1.0
INN08352,0,0.0
INN08353,1,0.0
INN08361,0,0.0
INN08365,0,0.0
INN08369,1,1.0
INN08370,0,1.0
INN08378,1,1.0
INN08379,1,1.0
INN08392,1,0.0
INN08394,1,1.0
INN08424,1,1.0
INN08427,0,0.0
INN08433,0,0.0
INN08436,1,1.0
INN08439,0,0.0
INN08440,1,1.0
INN08442,0,0.0
INN08448,1,1.0
INN08459,0,0.0
INN08464,1,1.0
INN08470,0,0.0
INN08475,1,1.0
INN08498,0,0.0
INN08499,0,0.0
INN08500,1,1.0
INN08502,0,0.0
INN08504,0,0.0
INN08515,1,1.0
INN08516,0,0.0
INN08520,0,0.0
INN08523,0,0.0
INN08526,0,0.0
INN08533,1,1.0
INN08536,0,0.0
INN08542,1,1.0
INN08548,0,0.0
INN08550,1,0.0
INN08551,1,0.0
INN08554,0,0.0
INN08559,1,0.0
INN08569,0,0.0
INN08574,1,1.0
INN08579,0,0.0
INN08581,0,0.0
INN08594,0,0.0
INN08597,1,0.0
INN08601,1,0.0
INN08602,1,1.0
INN08605,0,0.0
INN08607,1,0.0
INN08617,0,0.0
INN08618,0,0.0
INN08619,0,0.0
INN08622,0,0.0
INN08630,0,0.0
INN08635,0,0.0
INN08636,0,0.0
INN08641,0,0.0
INN08642,0,0.0
INN08647,1,1.0
INN08652,0,0.0
INN08664,0,0.0
INN08665,0,0.0
INN08667,0,0.0
INN08678,0,0.0
INN08684,1,0.0
INN08690,0,0.0
INN08694,1,0.0
INN08696,0,1.0
INN08699,1,1.0
INN08705,0,0.0
INN08710,0,0.0
INN08713,0,0.0
INN08716,0,0.0
INN08730,0,0.0
INN08732,0,0.0
INN08733,0,0.0
INN08754,1,1.0
INN08757,1,1.0
INN08758,0,0.0
INN08763,0,0.0
INN08764,0,0.0
INN08778,0,1.0
INN08780,1,0.0
INN08784,1,1.0
INN08789,1,1.0
INN08793,0,1.0
INN08799,0,1.0
INN08802,0,0.0
INN08803,0,0.0
INN08806,0,0.0
INN08815,1,1.0
INN08817,0,0.0
INN08818,0,0.0
INN08825,0,0.0
INN08829,0,0.0
INN08832,0,0.0
INN08835,0,0.0
INN08837,0,1.0
INN08839,0,0.0
INN08852,1,1.0
INN08856,0,0.0
INN08866,0,0.0
INN08868,0,0.0
INN08874,0,0.0
INN08876,1,0.0
INN08883,0,0.0
INN08892,0,0.0
INN08893,0,0.0
INN08898,0,0.0
INN08902,0,0.0
INN08929,0,0.0
INN08931,0,0.0
INN08933,1,0.0
INN08939,0,0.0
INN08944,0,0.0
INN08945,0,1.0
INN08948,1,0.0
INN08952,0,0.0
INN08957,1,1.0
INN08958,0,0.0
INN08960,0,0.0
INN08961,0,0.0
INN08970,1,1.0
INN08975,0,0.0
INN08976,0,1.0
INN08977,0,0.0
INN08991,1,0.0
INN08995,1,0.0
INN09010,1,0.0
INN09011,1,0.0
INN09014,0,0.0
INN09017,1,1.0
INN09022,0,0.0
INN09025,0,0.0
INN09030,0,0.0
INN09041,0,0.0
INN09043,0,0.0
INN09050,1,1.0
INN09054,1,0.0
INN09063,0,0.0
INN09074,0,0.0
INN09076,0,0.0
INN09077,0,0.0
INN09078,0,0.0
INN09081,0,0.0
INN09087,0,0.0
INN09088,1,1.0
INN09091,0,0.0
INN09095,0,0.0
INN09100,0,0.0
INN09107,1,1.0
INN09114,0,0.0
INN09119,0,0.0
INN09123,0,0.0
INN09131,1,1.0
INN09138,0,1.0
INN09139,0,0.0
INN09140,1,1.0
INN09148,0,1.0
INN09149,0,0.0
INN09160,0,0.0
INN09164,0,0.0
INN09166,1,1.0
INN09177,0,0.0
INN09180,0,0.0
INN09183,1,1.0
INN09185,1,1.0
INN09189,0,0.0
INN09190,0,0.0
INN09194,0,0.0
INN09196,0,0.0
INN09206,0,0.0
INN09209,1,1.0
INN09213,0,0.0
INN09214,0,0.0
INN09224,0,0.0
INN09230,1,1.0
INN09233,0,0.0
INN09235,0,0.0
INN09239,0,0.0
INN09240,0,0.0
INN09244,1,1.0
INN09250,0,0.0
INN09254,1,1.0
INN09266,1,1.0
INN09268,0,0.0
INN09269,0,0.0
INN09277,1,0.0
INN09278,1,1.0
INN09281,0,0.0
INN09283,0,0.0
INN09284,0,0.0
INN09288,1,0.0
INN09289,1,1.0
INN09296,0,0.0
INN09305,1,1.0
INN09310,1,1.0
INN09312,0,0.0
INN09314,0,0.0
INN09315,1,1.0
INN09321,1,1.0
INN09323,0,0.0
INN09324,1,1.0
INN09325,0,0.0
INN09330,1,1.0
INN09334,0,0.0
INN09336,0,1.0
INN09337,1,0.0
INN09339,0,0.0
INN09360,0,0.0
INN09363,0,0.0
INN09364,0,0.0
INN09365,1,1.0
INN09366,1,1.0
INN09367,1,1.0
INN09369,0,0.0
INN09377,1,1.0
INN09379,0,0.0
INN09391,0,0.0
INN09404,0,0.0
INN09411,0,1.0
INN09423,0,0.0
INN09424,1,0.0
INN09430,0,0.0
INN09433,1,1.0
INN09434,1,1.0
INN09447,0,0.0
INN09450,1,1.0
INN09464,0,0.0
INN09466,0,0.0
INN09469,0,0.0
INN09470,1,1.0
INN09480,0,0.0
INN09498,0,0.0
INN09501,0,0.0
INN09503,1,1.0
INN09506,0,0.0
INN09507,0,0.0
INN09512,0,0.0
INN09517,0,0.0
INN09519,0,0.0
INN09521,0,0.0
INN09534,1,1.0
INN09545,1,0.0
INN09550,0,0.0
INN09552,1,0.0
INN09553,0,0.0
INN09576,0,0.0
INN09584,0,0.0
INN09592,0,0.0
INN09597,1,1.0
INN09615,0,0.0
INN09617,0,0.0
INN09623,1,1.0
INN09631,1,1.0
INN09638,0,0.0
INN09643,1,0.0
INN09647,1,0.0
INN09649,0,0.0
INN09650,0,0.0
INN09656,0,0.0
INN09669,0,0.0
INN09673,0,0.0
INN09674,0,0.0
INN09681,1,0.0
INN09684,0,0.0
INN09685,0,0.0
INN09693,1,1.0
INN09694,1,1.0
INN09699,1,1.0
INN09732,1,1.0
INN09736,0,0.0
INN09746,0,0.0
INN09747,1,1.0
INN09749,1,1.0
INN09751,0,1.0
INN09752,0,0.0
INN09755,0,1.0
INN09757,0,0.0
INN09762,1,1.0
INN09766,1,1.0
INN09771,1,1.0
INN09776,0,0.0
INN09777,1,1.0
INN09778,0,0.0
INN09788,0,0.0
INN09792,0,0.0
INN09794,1,1.0
INN09800,1,1.0
INN09817,0,0.0
INN09820,1,0.0
INN09827,1,1.0
INN09831,0,0.0
INN09836,0,0.0
INN09839,0,0.0
INN09841,1,1.0
INN09842,1,1.0
INN09854,0,0.0
INN09861,0,0.0
INN09864,0,0.0
INN09871,0,0.0
INN09881,1,1.0
INN09886,0,0.0
INN09904,0,1.0
INN09916,1,0.0
INN09924,0,0.0
INN09930,0,0.0
INN09939,1,0.0
INN09943,0,0.0
INN09960,0,0.0
INN09961,1,0.0
INN09965,1,0.0
INN09967,0,0.0
INN09971,0,0.0
INN09973,0,1.0
INN09975,0,0.0
INN09981,1,0.0
INN10004,0,0.0
INN10005,1,1.0
INN10009,0,0.0
INN10017,0,0.0
INN10018,1,1.0
INN10024,0,0.0
INN10030,0,0.0
INN10037,1,1.0
INN10042,0,0.0
INN10043,0,0.0
INN10047,0,0.0
INN10060,0,0.0
INN10065,1,0.0
INN10066,0,0.0
INN10067,0,0.0
INN10072,1,0.0
INN10074,1,0.0
INN10083,0,0.0
INN10084,0,0.0
INN10090,0,0.0
INN10095,1,0.0
INN10107,0,0.0
INN10111,0,0.0
INN10117,0,1.0
INN10125,0,0.0
INN10127,1,1.0
INN10134,0,1.0
INN10136,0,1.0
INN10143,1,0.0
INN10144,0,0.0
INN10155,0,0.0
INN10157,0,0.0
INN10163,1,0.0
INN10166,1,1.0
INN10168,0,0.0
INN10173,0,1.0
INN10174,1,1.0
INN10177,0,0.0
INN10182,0,0.0
INN10192,1,1.0
INN10200,1,1.0
INN10201,0,0.0
INN10205,0,0.0
INN10207,0,0.0
INN10220,0,0.0
INN10224,0,0.0
INN10229,0,0.0
INN10234,1,1.0
INN10237,1,1.0
INN10249,0,0.0
INN10252,1,1.0
INN10255,0,0.0
INN10266,0,0.0
INN10268,0,0.0
INN10274,1,1.0
INN10291,0,0.0
INN10300,1,1.0
INN10304,0,0.0
INN10307,1,1.0
INN10313,0,0.0
INN10318,1,1.0
INN10327,0,0.0
INN10332,0,0.0
INN10342,0,1.0
INN10350,0,0.0
INN10356,1,1.0
INN10357,1,0.0
INN10363,0,0.0
INN10364,1,0.0
INN10369,1,1.0
INN10370,0,0.0
INN10377,1,0.0
INN10380,1,1.0
INN10385,1,0.0
INN10387,0,1.0
INN10389,0,0.0
INN10393,0,0.0
INN10397,0,0.0
INN10415,1,1.0
INN10419,0,0.0
INN10423,0,0.0
INN10424,0,0.0
INN10438,0,0.0
INN10445,0,0.0
INN10465,0,0.0
INN10467,1,0.0
INN10474,0,0.0
INN10476,1,1.0
INN10486,0,0.0
INN10492,0,0.0
INN10497,0,0.0
INN10499,1,1.0
INN10501,0,0.0
INN10509,0,0.0
INN10510,1,1.0
INN10515,0,0.0
INN10518,0,0.0
INN10521,1,0.0
INN10526,0,0.0
INN10532,0,0.0
INN10539,0,0.0
INN10540,0,0.0
INN10542,0,0.0
INN10546,0,0.0
INN10551,0,0.0
INN10552,0,0.0
INN10554,0,0.0
INN10559,0,0.0
INN10562,0,1.0
INN10564,1,0.0
INN10567,0,0.0
INN10570,0,0.0
INN10572,1,1.0
INN10573,0,0.0
INN10588,0,0.0
INN10616,0,0.0
INN10620,0,0.0
INN10621,0,0.0
INN10629,1,1.0
INN10631,1,1.0
INN10632,0,0.0
INN10633,0,0.0
INN10635,0,0.0
INN10641,0,0.0
INN10650,1,1.0
INN10654,0,0.0
INN10658,1,1.0
INN10660,0,0.0
INN10664,0,0.0
INN10667,0,0.0
INN10672,0,0.0
INN10675,0,0.0
INN10696,0,0.0
INN10708,0,0.0
INN10712,0,0.0
INN10717,0,1.0
INN10719,0,0.0
INN10720,0,0.0
INN10722,0,0.0
INN10734,0,0.0
INN10736,0,0.0
INN10740,0,0.0
INN10743,0,0.0
INN10749,0,0.0
INN10750,0,0.0
INN10751,0,0.0
INN10754,1,1.0
INN10779,0,0.0
INN10786,0,0.0
INN10790,0,0.0
INN10793,0,0.0
INN10811,0,0.0
INN10812,1,1.0
INN10813,0,0.0
INN10817,0,0.0
INN10818,0,0.0
INN10825,0,0.0
INN10835,1,1.0
INN10837,0,0.0
INN10843,1,0.0
INN10844,0,0.0
INN10845,0,0.0
INN10849,0,0.0
INN10851,1,1.0
INN10864,1,1.0
INN10874,0,0.0
INN10878,0,0.0
INN10886,0,0.0
INN10888,0,0.0
INN10895,0,0.0
INN10899,0,0.0
INN10901,0,0.0
INN10904,0,0.0
INN10911,0,0.0
INN10928,0,1.0
INN10930,0,0.0
INN10938,1,0.0
INN10948,0,0.0
INN10949,0,0.0
INN10952,1,1.0
INN10957,0,0.0
INN10958,0,0.0
INN10963,0,0.0
INN10964,1,0.0
INN10971,0,0.0
INN10973,0,0.0
INN10977,0,0.0
INN10989,0,0.0
INN10992,1,0.0
INN11001,0,0.0
INN11020,0,0.0
INN11033,0,0.0
INN11034,1,1.0
INN11041,1,0.0
INN11043,0,0.0
INN11047,1,0.0
INN11051,1,0.0
INN11055,0,0.0
INN11058,1,1.0
INN11062,1,0.0
INN11067,1,1.0
INN11071,0,0.0
INN11076,1,1.0
INN11077,0,0.0
INN11079,1,1.0
INN11089,1,0.0
INN11095,1,1.0
INN11102,0,0.0
INN11103,1,0.0
INN11108,1,1.0
INN11109,1,1.0
INN11111,0,0.0
INN11114,0,0.0
INN11126,0,0.0
INN11127,1,1.0
INN11128,1,1.0
INN11129,0,1.0
INN11141,1,1.0
INN11145,0,0.0
INN11148,1,1.0
INN11152,0,0.0
INN11161,1,1.0
INN11164,0,0.0
INN11166,0,0.0
INN11170,0,0.0
INN11178,1,1.0
INN11181,0,0.0
INN11195,0,0.0
INN11196,1,0.0
INN11204,0,0.0
INN11205,0,1.0
INN11208,0,0.0
INN11209,0,0.0
INN11212,0,0.0
INN11217,0,0.0
INN11221,1,1.0
INN11222,1,1.0
INN11223,1,1.0
INN11224,1,1.0
INN11233,0,0.0
INN11237,0,0.0
INN11239,0,0.0
INN11243,0,0.0
INN11245,0,0.0
INN11257,1,1.0
INN11264,0,0.0
INN11274,0,1.0
INN11279,0,0.0
INN11281,0,0.0
INN11283,0,0.0
INN11285,0,0.0
INN11290,0,1.0
INN11301,1,1.0
INN11314,0,0.0
INN11325,0,1.0
INN11327,1,0.0
INN11331,0,0.0
INN11343,1,1.0
INN11347,0,0.0
INN11351,1,0.0
INN11353,0,0.0
INN11354,1,1.0
INN11355,0,0.0
INN11365,0,0.0
INN11366,0,0.0
INN11372,0,0.0
INN11373,1,1.0
INN11378,0,0.0
INN11391,1,1.0
INN11393,0,0.0
INN11396,0,0.0
INN11399,0,0.0
INN11400,0,0.0
INN11409,0,0.0
INN11420,1,0.0
INN11430,0,1.0
INN11434,1,0.0
INN11435,0,0.0
INN11440,0,0.0
INN11442,1,0.0
INN11447,0,0.0
INN11448,0,0.0
INN11449,0,0.0
INN11450,1,1.0
INN11459,0,0.0
INN11460,0,0.0
INN11462,1,1.0
INN11466,0,0.0
INN11468,0,0.0
INN11470,0,0.0
INN11471,0,0.0
INN11473,0,0.0
INN11474,0,1.0
INN11480,0,0.0
INN11486,1,1.0
INN11487,0,0.0
INN11490,0,0.0
INN11503,0,1.0
INN11506,0,0.0
INN11514,1,0.0
INN11523,0,0.0
INN11529,0,0.0
INN11532,1,1.0
INN11539,0,0.0
INN11542,1,1.0
INN11544,1,0.0
INN11559,1,1.0
INN11571,0,0.0
INN11576,0,0.0
INN11577,1,0.0
INN11581,0,0.0
INN11585,0,0.0
INN11588,0,0.0
INN11589,0,0.0
INN11590,1,1.0
INN11592,0,1.0
INN11594,0,0.0
INN11599,0,1.0
INN11604,1,1.0
INN11607,1,1.0
INN11610,0,1.0
INN11614,1,1.0
INN11625,0,1.0
INN11629,1,1.0
INN11633,0,0.0
INN11634,1,1.0
INN11639,0,1.0
INN11642,0,1.0
INN11645,0,1.0
INN11652,1,1.0
INN11658,0,0.0
INN11661,0,0.0
INN11671,1,1.0
INN11684,0,0.0
INN11688,0,1.0
INN11689,0,0.0
INN11692,1,1.0
INN11699,0,1.0
INN11701,0,0.0
INN11702,1,1.0
INN11708,1,0.0
INN11713,0,0.0
INN11715,0,0.0
INN11717,0,1.0
INN11723,0,0.0
INN11725,0,0.0
INN11734,1,1.0
INN11740,0,0.0
INN11749,0,0.0
INN11752,1,1.0
INN11753,1,1.0
INN11754,1,1.0
INN11758,0,0.0
INN11762,0,0.0
INN11776,1,1.0
INN11780,0,0.0
INN11784,0,0.0
INN11785,1,0.0
INN11787,0,0.0
INN11788,0,0.0
INN11792,1,1.0
INN11793,1,1.0
INN11796,0,0.0
INN11805,1,0.0
INN11807,0,0.0
INN11808,0,0.0
INN11817,1,0.0
INN11818,0,0.0
INN11819,0,0.0
INN11825,0,0.0
INN11835,0,0.0
INN11836,1,1.0
INN11837,1,1.0
INN11838,1,0.0
INN11839,0,0.0
INN11842,1,1.0
INN11846,1,1.0
INN11876,0,1.0
INN11885,1,1.0
INN11887,1,0.0
INN11889,0,0.0
INN11895,0,0.0
INN11912,0,0.0
INN11917,0,0.0
INN11924,0,0.0
INN11929,0,1.0
INN11932,0,0.0
INN11937,0,0.0
INN11939,0,0.0
INN11940,1,1.0
INN11942,0,1.0
INN11951,0,0.0
INN11954,0,0.0
INN11956,0,0.0
INN11963,0,0.0
INN11968,1,1.0
INN11978,0,0.0
INN11979,0,0.0
INN11981,0,0.0
INN11982,0,0.0
INN11985,0,0.0
INN11988,0,0.0
INN11989,1,1.0
INN11996,0,0.0
INN11998,0,0.0
INN12011,0,1.0
INN12013,1,0.0
INN12025,0,0.0
INN12032,0,0.0
INN12035,1,0.0
INN12043,0,0.0
INN12050,1,1.0
INN12056,1,1.0
INN12064,0,0.0
INN12067,0,0.0
INN12080,1,1.0
INN12081,0,0.0
INN12083,1,1.0
INN12094,0,0.0
INN12102,0,0.0
INN12111,1,0.0
INN12113,0,0.0
INN12116,0,0.0
INN12118,0,0.0
INN12121,1,0.0
INN12122,0,0.0
INN12125,1,0.0
INN12135,0,0.0
INN12142,1,0.0
INN12153,0,1.0
INN12159,1,1.0
INN12163,0,1.0
INN12164,1,1.0
INN12168,0,0.0
INN12175,0,0.0
INN12177,0,0.0
INN12182,1,0.0
INN12194,0,0.0
INN12199,1,1.0
INN12201,0,0.0
INN12203,0,1.0
INN12205,0,0.0
INN12208,1,1.0
INN12209,1,1.0
INN12210,1,0.0
INN12220,0,0.0
INN12227,0,1.0
INN12228,1,1.0
INN12233,0,0.0
INN12236,1,0.0
INN12238,0,0.0
INN12240,1,0.0
INN12243,0,0.0
INN12246,1,1.0
INN12251,0,0.0
INN12255,0,0.0
INN12259,1,1.0
INN12271,0,0.0
INN12272,0,0.0
INN12291,1,1.0
INN12305,1,0.0
INN12324,1,1.0
INN12334,1,1.0
INN12338,0,0.0
INN12341,0,0.0
INN12345,1,0.0
INN12347,0,0.0
INN12352,0,1.0
INN12354,1,1.0
INN12369,1,1.0
INN12371,0,0.0
INN12374,0,0.0
INN12381,1,1.0
INN12395,0,0.0
INN12399,0,0.0
INN12405,1,1.0
INN12412,0,1.0
INN12418,0,0.0
INN12457,0,0.0
INN12464,1,1.0
INN12465,0,0.0
INN12466,1,1.0
INN12472,0,0.0
INN12476,0,0.0
INN12489,1,0.0
INN12494,0,0.0
INN12499,0,0.0
INN12500,0,0.0
INN12513,1,0.0
INN12524,1,0.0
INN12526,1,1.0
INN12527,1,1.0
INN12528,0,0.0
INN12531,1,0.0
INN12534,0,0.0
INN12535,1,1.0
INN12536,0,0.0
INN12539,0,0.0
INN12546,0,0.0
INN12550,1,0.0
INN12552,0,0.0
INN12555,0,0.0
INN12562,1,0.0
INN12566,1,1.0
INN12567,0,0.0
INN12572,1,1.0
INN12575,0,0.0
INN12576,1,1.0
INN12577,0,0.0
INN12578,0,0.0
INN12579,0,0.0
INN12593,1,1.0
INN12595,0,0.0
INN12603,0,0.0
INN12610,1,1.0
INN12613,0,0.0
INN12614,0,0.0
INN12620,0,0.0
INN12624,0,0.0
INN12626,1,1.0
INN12628,0,0.0
INN12643,0,0.0
INN12648,0,0.0
INN12651,1,1.0
INN12653,1,0.0
INN12654,0,0.0
INN12669,0,0.0
INN12673,0,0.0
INN12675,0,0.0
INN12685,0,0.0
INN12690,1,0.0
INN12693,0,0.0
INN12696,0,0.0
INN12698,1,1.0
INN12701,0,0.0
INN12711,1,0.0
INN12721,1,0.0
INN12724,1,1.0
INN12732,0,1.0
INN12733,0,0.0
INN12739,1,1.0
INN12742,0,0.0
INN12746,0,0.0
INN12753,0,1.0
INN12756,0,0.0
INN12757,0,0.0
INN12761,1,0.0
INN12771,0,0.0
INN12777,0,0.0
INN12779,0,0.0
INN12781,0,0.0
INN12784,1,0.0
INN12788,0,0.0
INN12789,1,1.0
INN12802,0,0.0
INN12806,0,0.0
INN12808,0,0.0
INN12817,0,0.0
INN12825,0,1.0
INN12835,0,0.0
INN12839,0,0.0
INN12844,0,0.0
INN12845,1,1.0
INN12847,0,0.0
INN12848,1,0.0
INN12856,1,0.0
INN12858,0,0.0
INN12864,1,0.0
INN12877,1,1.0
INN12894,0,0.0
INN12908,0,1.0
INN12916,0,0.0
INN12920,1,1.0
INN12929,0,0.0
INN12939,1,0.0
INN12942,0,0.0
INN12953,0,0.0
INN12960,0,0.0
INN12969,0,0.0
INN12970,1,1.0
INN12972,0,0.0
INN12975,1,1.0
INN12977,1,0.0
INN12978,1,1.0
INN12981,0,0.0
INN12984,0,0.0
INN12988,0,0.0
INN12995,1,1.0
INN13017,0,0.0
INN13018,0,0.0
INN13020,0,0.0
INN13025,1,1.0
INN13028,0,0.0
INN13039,0,0.0
INN13046,0,0.0
INN13048,0,0.0
INN13050,1,1.0
INN13054,0,0.0
INN13058,0,0.0
INN13064,0,0.0
INN13066,1,1.0
INN13073,0,0.0
INN13091,0,0.0
INN13092,0,0.0
INN13094,0,0.0
INN13102,1,1.0
INN13108,0,0.0
INN13111,0,0.0
INN13116,0,0.0
INN13117,1,0.0
INN13133,0,0.0
INN13134,0,0.0
INN13135,1,1.0
INN13137,1,1.0
INN13144,0,0.0
INN13145,1,1.0
INN13150,1,0.0
INN13165,0,1.0
INN13173,0,0.0
INN13180,0,0.0
INN13182,0,0.0
INN13184,0,0.0
INN13187,0,0.0
INN13198,1,1.0
INN13199,1,1.0
INN13205,0,0.0
INN13211,0,0.0
INN13213,0,0.0
INN13217,1,1.0
INN13219,0,0.0
INN13229,1,1.0
INN13237,1,1.0
INN13249,0,0.0
INN13254,0,0.0
INN13263,1,0.0
INN13267,1,0.0
INN13269,0,0.0
INN13271,1,1.0
INN13274,0,0.0
INN13275,0,0.0
INN13281,0,0.0
INN13284,0,0.0
INN13287,0,0.0
INN13291,1,0.0
INN13294,0,0.0
INN13298,0,0.0
INN13316,0,0.0
INN13319,0,0.0
INN13333,0,0.0
INN13337,1,1.0
INN13348,1,0.0
INN13352,1,1.0
INN13354,0,0.0
INN13356,0,0.0
INN13357,1,1.0
INN13365,0,0.0
INN13366,0,1.0
INN13367,0,0.0
INN13372,1,0.0
INN13382,0,0.0
INN13387,0,0.0
INN13388,1,0.0
INN13392,0,0.0
INN13402,0,0.0
INN13403,1,0.0
INN13405,0,0.0
INN13407,0,0.0
INN13408,0,0.0
INN13416,0,0.0
INN13424,0,0.0
INN13428,0,0.0
INN13435,1,1.0
INN13452,0,0.0
INN13454,0,0.0
INN13460,1,1.0
INN13466,1,1.0
INN13474,0,0.0
INN13476,0,0.0
INN13485,1,0.0
INN13488,1,1.0
INN13489,0,0.0
INN13494,1,1.0
INN13498,1,1.0
INN13502,0,0.0
INN13509,0,0.0
INN13510,0,0.0
INN13511,1,1.0
INN13514,0,0.0
INN13524,0,0.0
INN13530,0,0.0
INN13537,0,0.0
INN13552,0,0.0
INN13553,1,1.0
INN13556,1,0.0
INN13561,0,0.0
INN13585,1,0.0
INN13586,0,0.0
INN13603,0,0.0
INN13609,0,0.0
INN13615,1,0.0
INN13618,0,0.0
INN13619,0,1.0
INN13626,1,1.0
INN13632,0,0.0
INN13634,0,0.0
INN13652,1,1.0
INN13655,0,0.0
INN13662,0,1.0
INN13666,1,0.0
INN13672,1,1.0
INN13673,0,0.0
INN13684,1,1.0
INN13690,1,1.0
INN13696,1,0.0
INN13707,0,0.0
INN13719,0,0.0
INN13722,1,1.0
INN13723,0,0.0
INN13730,0,0.0
INN13732,1,0.0
INN13740,0,0.0
INN13743,0,0.0
INN13744,0,0.0
INN13749,0,0.0
INN13752,0,0.0
INN13766,1,0.0
INN13772,1,1.0
INN13786,1,1.0
INN13787,0,0.0
INN13796,1,1.0
INN13801,1,1.0
INN13805,0,0.0
INN13807,0,0.0
INN13821,0,0.0
INN13827,0,0.0
INN13839,0,0.0
INN13844,0,0.0
INN13848,0,0.0
INN13849,0,0.0
INN13855,0,0.0
INN13860,0,0.0
INN13861,0,0.0
INN13864,1,1.0
INN13866,0,0.0
INN13876,0,0.0
INN13884,1,0.0
INN13893,0,0.0
INN13895,1,0.0
INN13903,0,0.0
INN13904,1,1.0
INN13910,1,0.0
INN13919,0,0.0
INN13926,0,1.0
INN13929,0,0.0
INN13932,1,0.0
INN13934,0,0.0
INN13937,1,1.0
INN13945,1,0.0
INN13953,1,1.0
INN13955,0,0.0
INN13970,0,0.0
INN13981,0,0.0
INN13986,0,0.0
INN13987,1,1.0
INN13993,0,0.0
INN13994,1,1.0
INN13997,0,0.0
INN14001,0,0.0
INN14006,1,1.0
INN14007,0,0.0
INN14010,1,1.0
INN14015,0,0.0
INN14017,0,0.0
INN14023,0,0.0
INN14030,0,0.0
INN14034,0,0.0
INN14039,0,0.0
INN14040,0,0.0
INN14042,0,0.0
INN14059,1,0.0
INN14063,1,0.0
INN14066,0,0.0
INN14069,1,1.0
INN14088,0,1.0
INN14089,0,1.0
INN14098,0,0.0
INN14104,1,1.0
INN14110,0,0.0
INN14128,1,1.0
INN14130,0,0.0
INN14136,0,0.0
INN14147,1,1.0
INN14156,0,0.0
INN14173,0,0.0
INN14181,0,0.0
INN14188,0,0.0
INN14189,0,0.0
INN14191,1,0.0
INN14192,0,0.0
INN14201,1,1.0
INN14202,0,0.0
INN14203,0,0.0
INN14205,0,0.0
INN14210,0,0.0
INN14214,0,0.0
INN14244,0,0.0
INN14246,0,0.0
INN14262,0,0.0
INN14266,0,0.0
INN14286,1,1.0
INN14292,0,0.0
INN14293,0,0.0
INN14302,0,0.0
INN14317,1,0.0
INN14319,0,0.0
INN14320,0,0.0
INN14325,0,0.0
INN14328,1,1.0
INN14329,0,0.0
INN14333,1,0.0
INN14351,0,0.0
INN14363,1,1.0
INN14368,0,0.0
INN14383,1,0.0
INN14384,0,0.0
INN14404,0,0.0
INN14408,0,0.0
INN14413,1,1.0
INN14418,0,0.0
INN14429,0,0.0
INN14431,1,0.0
INN14432,1,1.0
INN14434,1,1.0
INN14444,0,0.0
INN14445,1,0.0
INN14474,0,0.0
INN14479,1,1.0
INN14482,1,1.0
INN14484,1,1.0
INN14485,1,1.0
INN14489,0,0.0
INN14491,0,0.0
INN14505,1,1.0
INN14506,1,1.0
INN14510,0,0.0
INN14512,1,1.0
INN14520,0,0.0
INN14524,0,0.0
INN14533,0,0.0
INN14534,0,0.0
INN14542,1,0.0
INN14544,0,0.0
INN14547,1,1.0
INN14552,0,0.0
INN14558,0,0.0
INN14581,0,0.0
INN14584,0,0.0
INN14591,0,0.0
INN14592,0,0.0
INN14593,1,0.0
INN14598,1,1.0
INN14599,0,0.0
INN14610,0,0.0
INN14618,0,0.0
INN14619,1,0.0
INN14632,1,0.0
INN14638,0,0.0
INN14644,0,0.0
INN14647,0,0.0
INN14648,0,0.0
INN14651,0,0.0
INN14653,0,0.0
INN14654,0,1.0
INN14673,0,0.0
INN14685,0,0.0
INN14695,0,0.0
INN14696,0,0.0
INN14697,0,0.0
INN14701,0,0.0
INN14702,1,0.0
INN14704,0,0.0
INN14709,0,0.0
INN14715,0,0.0
INN14716,0,0.0
INN14718,1,0.0
INN14720,0,0.0
INN14726,0,0.0
INN14727,0,0.0
INN14731,1,1.0
INN14732,0,0.0
INN14737,0,0.0
INN14739,1,1.0
INN14740,0,0.0
INN14743,0,0.0
INN14749,0,0.0
INN14752,1,1.0
INN14755,1,0.0
INN14760,0,0.0
INN14772,0,0.0
INN14773,0,0.0
INN14776,0,0.0
INN14778,1,1.0
INN14780,0,1.0
INN14781,1,1.0
INN14784,0,0.0
INN14794,1,1.0
INN14798,0,0.0
INN14800,0,1.0
INN14806,0,0.0
INN14816,1,1.0
INN14836,0,0.0
INN14838,0,0.0
INN14839,1,1.0
INN14840,0,0.0
INN14847,1,1.0
INN14854,0,0.0
INN14855,1,0.0
INN14865,0,0.0
INN14866,0,0.0
INN14868,0,0.0
INN14878,0,0.0
INN14879,1,0.0
INN14880,0,0.0
INN14887,1,1.0
INN14892,0,1.0
INN14893,0,0.0
INN14898,1,0.0
INN14911,0,0.0
INN14914,0,0.0
INN14917,1,0.0
INN14928,1,1.0
INN14935,0,0.0
INN14936,0,0.0
INN14941,1,0.0
INN14945,0,0.0
INN14948,0,0.0
INN14956,1,0.0
INN14961,1,0.0
INN14962,1,1.0
INN14964,0,0.0
INN14967,0,0.0
INN14973,0,0.0
INN14975,0,0.0
INN14978,0,0.0
INN14981,0,0.0
INN14984,1,1.0
INN14990,1,1.0
INN14996,0,0.0
INN15000,1,0.0
INN15006,1,0.0
INN15007,0,0.0
INN15008,1,1.0
INN15011,1,1.0
INN15017,1,1.0
INN15022,1,0.0
INN15026,1,0.0
INN15029,0,1.0
INN15036,1,1.0
INN15038,1,1.0
INN15056,0,0.0
INN15057,0,0.0
INN15064,1,0.0
INN15065,0,0.0
INN15069,0,0.0
INN15071,1,1.0
INN15072,0,0.0
INN15079,0,0.0
INN15087,1,1.0
INN15088,1,0.0
INN15103,0,0.0
INN15111,0,0.0
INN15113,0,0.0
INN15130,0,0.0
INN15138,0,0.0
INN15145,1,1.0
INN15146,0,0.0
INN15151,0,1.0
INN15152,0,0.0
INN15157,0,0.0
INN15163,0,0.0
INN15166,0,0.0
INN15183,0,0.0
INN15190,0,0.0
INN15197,0,1.0
INN15198,0,0.0
INN15199,0,0.0
INN15209,1,1.0
INN15213,0,0.0
INN15216,0,0.0
INN15225,0,0.0
INN15228,1,0.0
INN15247,0,0.0
INN15248,0,0.0
INN15263,0,0.0
INN15267,0,0.0
INN15269,0,0.0
INN15271,0,0.0
INN15280,0,0.0
INN15285,0,0.0
INN15292,0,0.0
INN15305,0,0.0
INN15311,0,0.0
INN15316,0,0.0
INN15317,1,0.0
INN15318,1,1.0
INN15319,0,0.0
INN15320,1,1.0
INN15332,0,0.0
INN15337,1,1.0
INN15339,0,0.0
INN15340,1,1.0
INN15341,1,0.0
INN15358,1,1.0
INN15361,0,0.0
INN15365,1,0.0
INN15386,0,1.0
INN15390,0,0.0
INN15399,0,0.0
INN15413,1,1.0
INN15422,0,0.0
INN15437,1,1.0
INN15441,1,1.0
INN15453,0,0.0
INN15456,1,0.0
INN15460,0,0.0
INN15468,0,0.0
INN15470,1,0.0
INN15474,1,1.0
INN15478,1,1.0
INN15479,1,1.0
INN15493,1,1.0
INN15496,0,0.0
INN15500,0,0.0
INN15503,0,0.0
INN15504,1,0.0
INN15509,0,0.0
INN15517,0,0.0
INN15522,0,0.0
INN15527,0,0.0
INN15528,0,0.0
INN15531,0,0.0
INN15535,1,1.0
INN15539,0,0.0
INN15540,0,0.0
INN15549,0,0.0
INN15550,0,0.0
INN15560,1,1.0
INN15562,0,0.0
INN15572,0,0.0
INN15573,0,0.0
INN15574,1,1.0
INN15579,0,0.0
INN15580,1,0.0
INN15585,1,1.0
INN15603,0,0.0
INN15607,0,0.0
INN15613,0,0.0
INN15625,1,1.0
INN15626,0,0.0
INN15629,0,0.0
INN15645,0,0.0
INN15654,0,0.0
INN15658,0,0.0
INN15660,0,1.0
INN15663,0,0.0
INN15664,0,1.0
INN15671,0,0.0
INN15674,1,0.0
INN15675,1,1.0
INN15679,1,1.0
INN15685,0,0.0
INN15691,0,0.0
INN15694,1,0.0
INN15698,0,0.0
INN15699,0,0.0
INN15708,0,0.0
INN15717,1,1.0
INN15720,0,0.0
INN15721,0,0.0
INN15736,1,1.0
INN15738,1,1.0
INN15744,1,1.0
INN15745,1,0.0
INN15757,1,0.0
INN15765,0,0.0
INN15769,0,0.0
INN15774,0,0.0
INN15780,1,1.0
INN15781,0,0.0
INN15783,0,0.0
INN15787,1,1.0
INN15793,0,0.0
INN15795,0,0.0
INN15797,1,1.0
INN15798,0,0.0
INN15800,1,1.0
INN15801,0,1.0
INN15805,1,1.0
INN15806,0,0.0
INN15808,0,0.0
INN15815,0,0.0
INN15816,0,1.0
INN15819,0,0.0
INN15820,0,0.0
INN15821,0,0.0
INN15827,1,1.0
INN15835,0,0.0
INN15839,0,0.0
INN15840,1,1.0
INN15841,0,0.0
INN15845,0,0.0
INN15846,0,0.0
INN15848,0,0.0
INN15849,0,0.0
INN15854,0,0.0
INN15864,0,1.0
INN15865,1,1.0
INN15874,0,0.0
INN15880,1,1.0
INN15885,0,1.0
INN15893,0,0.0
INN15894,1,1.0
INN15905,0,0.0
INN15906,1,1.0
INN15917,1,1.0
INN15920,1,0.0
INN15931,0,0.0
INN15932,0,0.0
INN15938,0,1.0
INN15941,1,1.0
INN15948,0,0.0
INN15949,1,1.0
INN15958,1,0.0
INN15959,0,0.0
INN15960,0,0.0
INN15961,0,0.0
INN15973,0,0.0
INN15976,0,0.0
INN15979,0,0.0
INN15981,0,0.0
INN15982,1,0.0
INN15991,1,0.0
INN15992,0,0.0
INN15994,1,0.0
INN15995,1,1.0
INN15999,0,1.0
INN16001,0,0.0
INN16003,0,0.0
INN16008,1,1.0
INN16025,0,0.0
INN16031,0,0.0
INN16039,0,0.0
INN16046,0,0.0
INN16047,1,0.0
INN16048,0,0.0
INN16053,0,0.0
INN16055,0,0.0
INN16056,0,0.0
INN16057,0,0.0
INN16067,0,0.0
INN16069,0,0.0
INN16071,0,0.0
INN16073,1,1.0
INN16075,0,0.0
INN16085,0,0.0
INN16093,1,0.0
INN16094,0,0.0
INN16102,1,1.0
INN16106,1,1.0
INN16110,0,0.0
INN16113,1,0.0
INN16114,0,0.0
INN16115,1,1.0
INN16122,0,0.0
INN16124,0,0.0
INN16129,0,0.0
INN16131,0,0.0
INN16133,1,1.0
INN16140,0,0.0
INN16149,1,1.0
INN16154,0,0.0
INN16157,1,1.0
INN16163,1,1.0
INN16164,0,0.0
INN16167,1,0.0
INN16170,0,0.0
INN16172,0,0.0
INN16175,1,0.0
INN16176,0,0.0
INN16185,1,0.0
INN16194,0,0.0
INN16202,1,1.0
INN16206,0,1.0
INN16213,0,0.0
INN16222,0,0.0
INN16230,0,0.0
INN16239,0,1.0
INN16243,0,0.0
INN16245,0,0.0
INN16247,1,1.0
INN16256,0,0.0
INN16259,0,0.0
INN16264,1,1.0
INN16269,0,0.0
INN16270,0,1.0
INN16271,1,0.0
INN16278,1,1.0
INN16284,0,0.0
INN16288,0,1.0
INN16292,1,1.0
INN16295,0,0.0
INN16296,0,1.0
INN16300,1,0.0
INN16302,0,0.0
INN16308,0,0.0
INN16310,0,0.0
INN16314,0,0.0
INN16319,0,0.0
INN16333,0,0.0
INN16335,1,1.0
INN16339,0,0.0
INN16345,0,0.0
INN16352,1,0.0
INN16358,0,0.0
INN16361,1,0.0
INN16365,0,0.0
INN16370,0,0.0
INN16376,0,0.0
INN16380,1,1.0
INN16382,0,0.0
INN16385,1,1.0
INN16388,0,0.0
INN16396,0,0.0
INN16401,0,0.0
INN16410,1,1.0
INN16413,0,0.0
INN16420,0,0.0
INN16425,0,0.0
INN16429,1,1.0
INN16433,0,0.0
INN16434,1,1.0
INN16437,0,0.0
INN16439,0,0.0
INN16442,0,0.0
INN16443,0,0.0
INN16446,0,0.0
INN16448,0,0.0
INN16454,0,0.0
INN16459,0,0.0
INN16460,1,1.0
INN16468,0,0.0
INN16477,0,0.0
INN16479,0,0.0
INN16481,0,0.0
INN16483,0,0.0
INN16489,0,0.0
INN16493,1,1.0
INN16501,1,1.0
INN16503,1,1.0
INN16508,0,0.0
INN16510,0,0.0
INN16512,1,0.0
INN16513,0,0.0
INN16514,0,0.0
INN16519,0,0.0
INN16529,0,0.0
INN16549,1,1.0
INN16552,0,0.0
INN16556,0,0.0
INN16558,1,1.0
INN16564,0,0.0
INN16569,0,0.0
INN16574,0,0.0
INN16587,0,0.0
INN16590,0,0.0
INN16593,0,1.0
INN16607,0,0.0
INN16613,0,0.0
INN16614,1,0.0
INN16615,1,0.0
INN16624,0,0.0
INN16633,0,0.0
INN16637,0,0.0
INN16641,0,0.0
INN16647,1,1.0
INN16654,1,0.0
INN16658,0,0.0
INN16668,0,0.0
INN16672,0,0.0
INN16675,0,0.0
INN16676,0,1.0
INN16678,0,0.0
INN16679,0,0.0
INN16680,0,0.0
INN16689,0,0.0
INN16694,1,1.0
INN16695,0,0.0
INN16705,0,1.0
INN16725,1,1.0
INN16731,1,0.0
INN16733,1,0.0
INN16734,0,0.0
INN16746,1,1.0
INN16749,0,0.0
INN16752,0,0.0
INN16760,1,1.0
INN16761,0,0.0
INN16774,0,0.0
INN16775,0,0.0
INN16779,0,0.0
INN16783,0,1.0
INN16788,1,0.0
INN16789,1,1.0
INN16792,1,0.0
INN16794,1,1.0
INN16796,0,0.0
INN16798,0,0.0
INN16803,0,0.0
INN16804,0,1.0
INN16816,0,1.0
INN16820,0,0.0
INN16822,1,1.0
INN16826,1,1.0
INN16831,0,1.0
INN16835,0,0.0
INN16840,1,1.0
INN16843,1,1.0
INN16845,0,0.0
INN16846,0,0.0
INN16853,0,0.0
INN16855,0,0.0
INN16857,0,0.0
INN16865,0,0.0
INN16878,0,0.0
INN16879,0,0.0
INN16883,0,0.0
INN16889,1,1.0
INN16891,0,0.0
INN16894,1,0.0
INN16895,0,0.0
INN16896,0,0.0
INN16901,0,0.0
INN16902,0,0.0
INN16909,0,0.0
INN16910,1,1.0
INN16914,0,0.0
INN16930,0,0.0
INN16931,0,1.0
INN16932,0,0.0
INN16934,0,1.0
INN16938,0,0.0
INN16939,0,0.0
INN16941,0,0.0
INN16943,0,1.0
INN16947,1,1.0
INN16948,1,0.0
INN16953,1,1.0
INN16956,0,0.0
INN16962,1,0.0
INN16966,1,0.0
INN16967,1,0.0
INN16972,1,0.0
INN16977,0,0.0
INN16983,0,0.0
INN16986,0,1.0
INN16990,0,0.0
INN16992,0,0.0
INN16993,1,1.0
INN17004,0,0.0
INN17010,1,0.0
INN17011,0,1.0
INN17015,1,1.0
INN17017,0,0.0
INN17021,0,0.0
INN17022,1,1.0
INN17026,1,0.0
INN17033,0,0.0
INN17036,1,0.0
INN17039,0,0.0
INN17042,1,1.0
INN17043,0,0.0
INN17044,0,0.0
INN17050,0,0.0
INN17051,0,0.0
INN17054,0,0.0
INN17056,0,1.0
INN17057,0,0.0
INN17059,1,0.0
INN17065,0,0.0
INN17068,0,0.0
INN17082,0,0.0
INN17088,0,1.0
INN17103,0,0.0
INN17105,0,1.0
INN17109,0,0.0
INN17115,1,0.0
INN17127,1,1.0
INN17158,0,0.0
INN17162,1,1.0
INN17165,0,0.0
INN17166,1,1.0
INN17176,0,0.0
INN17179,0,1.0
INN17189,0,0.0
INN17202,0,1.0
INN17204,0,0.0
INN17207,0,0.0
INN17216,1,0.0
INN17223,0,0.0
INN17227,1,0.0
INN17228,1,1.0
INN17229,1,0.0
INN17236,0,0.0
INN17239,0,0.0
INN17244,1,1.0
INN17250,1,0.0
INN17255,1,1.0
INN17262,1,1.0
INN17263,1,1.0
INN17266,0,0.0
INN17267,0,0.0
INN17273,1,1.0
INN17275,1,1.0
INN17278,1,0.0
INN17280,0,0.0
INN17283,0,1.0
INN17287,1,1.0
INN17292,0,0.0
INN17298,1,1.0
INN17302,0,0.0
INN17306,1,1.0
INN17316,0,0.0
INN17320,0,1.0
INN17324,0,0.0
INN17337,0,0.0
INN17344,0,1.0
INN17345,0,0.0
INN17346,1,1.0
INN17347,0,0.0
INN17352,0,0.0
INN17358,1,1.0
INN17366,0,0.0
INN17375,0,0.0
INN17376,0,0.0
INN17384,0,0.0
INN17385,1,1.0
INN17399,0,0.0
INN17400,0,0.0
INN17404,0,0.0
INN17406,0,0.0
INN17410,0,0.0
INN17416,1,1.0
INN17417,1,1.0
INN17418,0,0.0
INN17423,0,0.0
INN17428,0,0.0
INN17431,1,1.0
INN17434,0,0.0
INN17436,0,0.0
INN17440,1,0.0
INN17442,1,0.0
INN17444,0,0.0
INN17448,1,1.0
INN17456,0,0.0
INN17459,0,0.0
INN17468,1,1.0
INN17469,0,0.0
INN17470,0,0.0
INN17471,1,0.0
INN17472,0,1.0
INN17474,0,0.0
INN17503,1,1.0
INN17509,0,0.0
INN17510,1,1.0
INN17511,0,0.0
INN17513,0,0.0
INN17516,0,0.0
INN17522,0,0.0
INN17534,1,1.0
INN17545,0,0.0
INN17548,1,1.0
INN17555,0,0.0
INN17557,0,0.0
INN17563,0,0.0
INN17565,1,0.0
INN17575,0,0.0
INN17579,0,0.0
INN17581,0,0.0
INN17591,0,0.0
INN17602,1,1.0
INN17611,1,1.0
INN17618,1,1.0
INN17623,0,0.0
INN17638,0,0.0
INN17641,1,1.0
INN17644,0,0.0
INN17647,0,0.0
INN17649,0,0.0
INN17650,0,0.0
INN17655,0,0.0
INN17668,0,0.0
INN17669,0,1.0
INN17670,0,0.0
INN17678,0,0.0
INN17697,0,0.0
INN17698,0,0.0
INN17704,1,0.0
INN17711,0,0.0
INN17713,1,0.0
INN17716,0,0.0
INN17720,1,0.0
INN17733,0,0.0
INN17735,0,0.0
INN17737,1,1.0
INN17750,0,0.0
INN17752,0,0.0
INN17754,0,0.0
INN17767,0,0.0
INN17768,0,0.0
INN17771,0,0.0
INN17777,0,0.0
INN17783,0,0.0
INN17792,0,0.0
INN17797,0,0.0
INN17802,0,0.0
INN17803,1,0.0
INN17807,0,0.0
INN17811,1,1.0
INN17812,0,0.0
INN17815,0,0.0
INN17823,0,0.0
INN17836,0,0.0
INN17849,0,0.0
INN17850,0,0.0
INN17857,0,0.0
INN17859,0,0.0
INN17866,1,1.0
INN17877,0,0.0
INN17881,0,0.0
INN17888,1,0.0
INN17892,0,0.0
INN17895,0,0.0
INN17899,1,1.0
INN17910,1,1.0
INN17911,0,0.0
INN17916,0,0.0
INN17918,0,1.0
INN17921,1,1.0
INN17927,0,0.0
INN17933,0,0.0
INN17937,1,0.0
INN17951,0,0.0
INN17952,0,0.0
INN17960,0,0.0
INN17961,0,0.0
INN17963,0,0.0
INN17964,1,0.0
INN17978,1,0.0
INN17984,0,0.0
INN17985,1,1.0
INN17990,0,0.0
INN18001,1,0.0
INN18002,1,0.0
INN18003,1,1.0
INN18008,1,1.0
INN18014,0,0.0
INN18021,1,1.0
INN18024,0,0.0
INN18035,0,0.0
INN18036,1,1.0
INN18039,0,1.0
INN18042,0,0.0
INN18046,1,1.0
INN18049,0,0.0
INN18051,0,0.0
INN18057,0,0.0
INN18065,0,0.0
INN18066,0,0.0
INN18069,1,1.0
INN18070,0,0.0
INN18073,0,0.0
INN18085,0,0.0
INN18088,0,0.0
INN18099,0,1.0
INN18102,0,0.0
INN18105,1,0.0
INN18106,1,1.0
INN18115,1,0.0
INN18116,1,1.0
INN18117,0,1.0
INN18118,1,1.0
INN18120,0,1.0
INN18126,0,1.0
INN18127,0,0.0
INN18139,0,0.0
INN18150,0,0.0
INN18151,0,1.0
INN18156,0,1.0
INN18161,1,1.0
INN18168,0,0.0
INN18170,0,0.0
INN18173,0,1.0
INN18182,1,1.0
INN18183,0,0.0
INN18189,0,0.0
INN18195,0,0.0
INN18207,0,0.0
INN18216,0,0.0
INN18219,0,0.0
INN18222,1,0.0
INN18231,1,0.0
INN18237,0,0.0
INN18238,1,1.0
INN18240,0,0.0
INN18245,0,0.0
INN18251,0,0.0
INN18255,1,1.0
INN18259,1,0.0
INN18269,1,1.0
INN18270,1,1.0
INN18271,0,0.0
INN18272,0,0.0
INN18282,0,0.0
INN18291,1,1.0
INN18293,1,1.0
INN18301,0,0.0
INN18302,1,1.0
INN18312,0,0.0
INN18314,1,1.0
INN18330,0,1.0
INN18331,0,1.0
INN18337,0,0.0
INN18339,0,0.0
INN18347,0,0.0
INN18351,0,0.0
INN18358,0,0.0
INN18361,0,0.0
INN18372,0,0.0
INN18373,0,0.0
INN18385,1,1.0
INN18391,0,0.0
INN18397,0,0.0
INN18409,1,1.0
INN18417,0,0.0
INN18421,0,0.0
INN18438,0,0.0
INN18447,1,0.0
INN18448,1,1.0
INN18449,0,0.0
INN18456,1,1.0
INN18461,1,1.0
INN18464,0,0.0
INN18472,0,0.0
INN18473,1,1.0
INN18475,0,0.0
INN18478,1,0.0
INN18481,0,0.0
INN18482,0,0.0
INN18483,0,0.0
INN18484,1,1.0
INN18496,1,1.0
INN18507,0,0.0
INN18511,0,0.0
INN18521,0,0.0
INN18530,0,0.0
INN18531,0,0.0
INN18539,0,1.0
INN18549,0,0.0
INN18556,0,0.0
INN18564,0,0.0
INN18565,0,0.0
INN18577,0,0.0
INN18578,0,0.0
INN18582,0,0.0
INN18584,1,1.0
INN18586,0,0.0
INN18587,1,1.0
INN18594,1,0.0
INN18604,0,0.0
INN18606,0,0.0
INN18607,1,1.0
INN18611,1,1.0
INN18621,0,0.0
INN18626,0,0.0
INN18639,1,1.0
INN18642,1,1.0
INN18643,1,0.0
INN18644,0,0.0
INN18650,0,0.0
INN18662,0,0.0
INN18667,0,0.0
INN18670,1,1.0
INN18682,0,0.0
INN18683,1,1.0
INN18685,0,0.0
INN18696,1,0.0
INN18708,1,0.0
INN18711,0,0.0
INN18712,1,0.0
INN18715,0,1.0
INN18717,0,0.0
INN18720,0,0.0
INN18721,0,0.0
INN18722,0,0.0
INN18727,1,0.0
INN18737,1,1.0
INN18744,0,0.0
INN18752,0,0.0
INN18753,0,0.0
INN18755,0,0.0
INN18757,0,0.0
INN18759,0,0.0
INN18762,0,0.0
INN18764,0,0.0
INN18765,0,0.0
INN18769,0,0.0
INN18771,1,1.0
INN18772,1,1.0
INN18784,0,0.0
INN18788,0,0.0
INN18791,0,0.0
INN18795,0,0.0
INN18801,0,0.0
INN18813,1,0.0
INN18817,1,0.0
INN18818,0,1.0
INN18821,0,0.0
INN18845,0,0.0
INN18856,0,0.0
INN18858,0,0.0
INN18865,0,0.0
INN18868,0,0.0
INN18869,0,0.0
INN18871,1,1.0
INN18875,0,1.0
INN18884,0,0.0
INN18891,1,1.0
INN18900,1,1.0
INN18901,0,0.0
INN18902,0,1.0
INN18903,0,0.0
INN18905,1,1.0
INN18910,0,0.0
INN18912,0,0.0
INN18914,0,0.0
INN18918,0,0.0
INN18921,0,0.0
INN18930,1,1.0
INN18937,0,0.0
INN18942,1,0.0
INN18950,0,0.0
INN18952,0,0.0
INN18955,1,0.0
INN18959,0,0.0
INN18961,0,0.0
INN18986,1,1.0
INN18987,1,1.0
INN18989,0,0.0
INN18993,0,0.0
INN18994,0,0.0
INN18995,1,0.0
INN19009,1,0.0
INN19015,1,1.0
INN19021,1,1.0
INN19028,0,0.0
INN19031,0,0.0
INN19036,0,0.0
INN19049,0,0.0
INN19055,0,0.0
INN19059,0,0.0
INN19061,0,0.0
INN19063,0,0.0
INN19065,0,0.0
INN19066,0,0.0
INN19068,1,1.0
INN19077,1,1.0
INN19080,0,1.0
INN19081,1,1.0
INN19098,0,0.0
INN19101,1,0.0
INN19107,0,0.0
INN19115,0,0.0
INN19116,0,0.0
INN19120,1,1.0
INN19128,0,0.0
INN19135,0,0.0
INN19142,1,0.0
INN19146,0,0.0
INN19149,0,0.0
INN19155,0,0.0
INN19158,1,0.0
INN19167,0,0.0
INN19168,0,1.0
INN19172,0,0.0
INN19192,0,0.0
INN19194,0,0.0
INN19197,0,0.0
INN19201,1,0.0
INN19205,1,0.0
INN19208,1,1.0
INN19210,0,0.0
INN19214,1,1.0
INN19215,0,0.0
INN19262,1,1.0
INN19271,0,0.0
INN19275,0,0.0
INN19280,0,1.0
INN19283,0,0.0
INN19287,0,0.0
INN19293,0,0.0
INN19295,1,1.0
INN19301,1,0.0
INN19317,1,1.0
INN19337,1,1.0
INN19340,0,0.0
INN19341,0,0.0
INN19343,0,0.0
INN19346,0,0.0
INN19348,1,1.0
INN19349,0,0.0
INN19358,1,1.0
INN19359,0,0.0
INN19360,0,0.0
INN19363,0,0.0
INN19369,0,0.0
INN19375,0,0.0
INN19376,1,1.0
INN19377,1,0.0
INN19378,1,1.0
INN19389,0,0.0
INN19392,1,0.0
INN19393,0,0.0
INN19397,0,1.0
INN19404,0,0.0
INN19405,0,0.0
INN19408,1,1.0
INN19410,1,0.0
INN19414,0,1.0
INN19417,1,0.0
INN19421,0,0.0
INN19424,1,1.0
INN19425,1,0.0
INN19434,1,0.0
INN19436,0,0.0
INN19437,1,0.0
INN19451,1,1.0
INN19457,1,0.0
INN19460,0,1.0
INN19461,0,0.0
INN19467,1,1.0
INN19499,0,0.0
INN19501,0,0.0
INN19504,1,0.0
INN19508,0,0.0
INN19510,1,1.0
INN19512,0,0.0
INN19517,0,0.0
INN19523,1,0.0
INN19531,1,1.0
INN19534,0,0.0
INN19535,1,1.0
INN19541,0,0.0
INN19544,1,1.0
INN19547,0,0.0
INN19548,0,0.0
INN19551,1,1.0
INN19560,0,0.0
INN19561,0,0.0
INN19567,0,0.0
INN19570,1,0.0
INN19578,0,0.0
INN19580,0,0.0
INN19581,0,0.0
INN19582,0,0.0
INN19597,0,0.0
INN19608,0,0.0
INN19609,0,0.0
INN19615,0,1.0
INN19616,1,0.0
INN19618,1,0.0
INN19622,0,0.0
INN19623,1,0.0
INN19627,0,0.0
INN19630,1,1.0
INN19642,0,0.0
INN19644,0,0.0
INN19650,0,0.0
INN19652,0,0.0
INN19653,1,1.0
INN19655,0,0.0
INN19662,0,0.0
INN19665,0,0.0
INN19670,0,0.0
INN19671,1,0.0
INN19672,0,0.0
INN19675,0,0.0
INN19685,0,0.0
INN19689,0,0.0
INN19692,0,0.0
INN19697,0,0.0
INN19709,0,0.0
INN19713,0,1.0
INN19714,0,0.0
INN19725,1,1.0
INN19731,0,0.0
INN19739,0,0.0
INN19751,0,0.0
INN19752,1,1.0
INN19755,0,0.0
INN19760,0,0.0
INN19762,0,0.0
INN19763,0,0.0
INN19764,1,1.0
INN19766,0,0.0
INN19771,1,1.0
INN19774,1,1.0
INN19776,0,0.0
INN19783,0,0.0
INN19789,0,0.0
INN19796,0,0.0
INN19797,0,0.0
INN19808,0,1.0
INN19809,0,0.0
INN19810,0,0.0
INN19814,1,1.0
INN19824,0,0.0
INN19831,0,0.0
INN19834,1,1.0
INN19839,1,1.0
INN19845,0,0.0
INN19847,1,0.0
INN19850,1,0.0
INN19857,0,0.0
INN19859,0,0.0
INN19868,0,0.0
INN19870,0,1.0
INN19874,0,0.0
INN19875,1,0.0
INN19877,1,1.0
INN19880,0,0.0
INN19890,0,0.0
INN19899,1,1.0
INN19904,0,0.0
INN19918,0,0.0
INN19923,0,0.0
INN19928,0,0.0
INN19931,1,1.0
INN19938,0,0.0
INN19940,0,0.0
INN19948,0,0.0
INN19949,1,1.0
INN19960,1,1.0
INN19965,0,0.0
INN19967,0,0.0
INN19971,1,0.0
INN19974,0,1.0
INN19978,0,0.0
INN19987,1,0.0
INN19988,0,0.0
INN19991,0,0.0
INN19996,0,0.0
INN19997,0,0.0
INN20004,1,1.0
INN20011,0,0.0
INN20023,1,0.0
INN20026,0,0.0
INN20038,1,1.0
INN20047,1,0.0
INN20049,0,0.0
INN20057,0,1.0
INN20060,0,0.0
INN20067,1,1.0
INN20072,0,0.0
INN20077,1,1.0
INN20079,1,0.0
INN20082,1,0.0
INN20086,1,0.0
INN20090,0,0.0
INN20095,1,1.0
INN20098,1,0.0
INN20103,0,0.0
INN20105,0,0.0
INN20111,0,0.0
INN20117,1,1.0
INN20121,0,0.0
INN20130,1,1.0
INN20136,0,0.0
INN20138,0,1.0
INN20150,0,0.0
INN20151,0,0.0
INN20154,1,1.0
INN20156,0,0.0
INN20158,0,0.0
INN20172,1,1.0
INN20173,0,0.0
INN20178,1,1.0
INN20183,0,0.0
INN20186,0,0.0
INN20190,1,1.0
INN20193,0,0.0
INN20207,0,0.0
INN20210,0,0.0
INN20212,1,1.0
INN20218,1,0.0
INN20219,0,0.0
INN20228,0,0.0
INN20237,0,0.0
INN20240,0,0.0
INN20245,1,1.0
INN20246,0,0.0
INN20248,0,0.0
INN20249,0,1.0
INN20250,0,0.0
INN20253,0,0.0
INN20268,0,0.0
INN20270,0,1.0
INN20271,0,0.0
INN20278,0,0.0
INN20280,0,0.0
INN20283,0,0.0
INN20288,1,1.0
INN20292,1,1.0
INN20293,0,0.0
INN20296,0,0.0
INN20300,0,0.0
INN20306,1,0.0
INN20310,1,1.0
INN20311,1,1.0
INN20314,0,0.0
INN20320,0,1.0
INN20321,0,1.0
INN20322,0,0.0
INN20324,1,1.0
INN20335,0,0.0
INN20337,0,0.0
INN20340,0,0.0
INN20341,0,0.0
INN20347,1,1.0
INN20348,0,0.0
INN20358,0,0.0
INN20386,0,0.0
INN20390,0,0.0
INN20391,0,0.0
INN20394,1,1.0
INN20395,0,1.0
INN20400,0,0.0
INN20401,0,0.0
INN20405,0,0.0
INN20408,0,1.0
INN20415,0,0.0
INN20423,1,1.0
INN20425,1,1.0
INN20431,0,0.0
INN20436,0,0.0
INN20443,0,1.0
INN20452,0,0.0
INN20455,0,0.0
INN20456,1,1.0
INN20460,0,1.0
INN20465,0,0.0
INN20473,0,0.0
INN20478,0,0.0
INN20480,0,0.0
INN20484,0,0.0
INN20486,0,1.0
INN20489,0,0.0
INN20493,0,0.0
INN20494,0,0.0
INN20495,1,1.0
INN20498,1,1.0
INN20499,0,0.0
INN20517,0,0.0
INN20529,1,1.0
INN20532,0,0.0
INN20533,1,1.0
INN20537,1,1.0
INN20545,0,0.0
INN20554,1,1.0
INN20558,1,0.0
INN20560,0,0.0
INN20564,0,0.0
INN20574,0,0.0
INN20586,0,0.0
INN20592,0,0.0
INN20595,0,1.0
INN20603,0,0.0
INN20609,0,0.0
INN20631,0,0.0
INN20635,1,0.0
INN20638,1,1.0
INN20645,0,0.0
INN20646,0,0.0
INN20647,1,0.0
INN20661,0,0.0
INN20667,0,0.0
INN20677,0,0.0
INN20679,1,1.0
INN20683,0,0.0
INN20693,1,0.0
INN20707,1,1.0
INN20712,1,1.0
INN20714,0,0.0
INN20716,0,1.0
INN20718,1,1.0
INN20725,0,0.0
INN20734,0,0.0
INN20737,1,1.0
INN20755,0,0.0
INN20759,0,0.0
INN20766,0,0.0
INN20769,1,1.0
INN20775,0,0.0
INN20779,1,1.0
INN20781,0,0.0
INN20786,0,0.0
INN20807,0,1.0
INN20812,0,1.0
INN20817,0,0.0
INN20829,1,0.0
INN20831,0,0.0
INN20836,0,1.0
INN20843,0,0.0
INN20844,0,0.0
INN20855,1,1.0
INN20865,1,0.0
INN20867,0,0.0
INN20872,0,0.0
INN20873,0,0.0
INN20883,0,0.0
INN20893,1,0.0
INN20898,1,1.0
INN20900,1,1.0
INN20902,0,0.0
INN20904,0,0.0
INN20918,0,0.0
INN20921,0,0.0
INN20923,0,0.0
INN20925,1,1.0
INN20929,0,0.0
INN20931,0,1.0
INN20934,1,1.0
INN20935,0,0.0
INN20956,0,0.0
INN20963,0,0.0
INN20968,1,1.0
INN20985,0,0.0
INN20992,1,1.0
INN20994,0,0.0
INN21011,1,0.0
INN21018,0,0.0
INN21024,1,1.0
INN21026,1,1.0
INN21027,0,0.0
INN21036,1,1.0
INN21038,0,0.0
INN21045,0,0.0
INN21048,1,0.0
INN21064,0,0.0
INN21074,0,0.0
INN21076,0,1.0
INN21078,1,1.0
INN21081,0,0.0
INN21083,0,0.0
INN21086,1,1.0
INN21089,1,1.0
INN21104,1,0.0
INN21105,0,0.0
INN21106,1,0.0
INN21116,1,1.0
INN21120,0,0.0
INN21124,0,0.0
INN21135,1,0.0
INN21136,1,1.0
INN21139,1,0.0
INN21150,0,0.0
INN21155,0,0.0
INN21157,0,0.0
INN21161,0,0.0
INN21170,0,0.0
INN21172,1,1.0
INN21185,1,0.0
INN21187,0,0.0
INN21190,0,0.0
INN21193,0,0.0
INN21197,0,0.0
INN21204,0,0.0
INN21209,0,1.0
INN21214,1,1.0
INN21224,0,0.0
INN21227,0,1.0
INN21235,0,0.0
INN21238,0,0.0
INN21240,0,0.0
INN21249,0,0.0
INN21255,0,0.0
INN21256,1,1.0
INN21258,0,0.0
INN21259,0,0.0
INN21286,1,1.0
INN21293,1,1.0
INN21298,0,1.0
INN21299,0,0.0
INN21310,0,1.0
INN21313,0,0.0
INN21317,1,0.0
INN21322,0,0.0
INN21328,0,0.0
INN21330,0,0.0
INN21332,1,0.0
INN21335,0,0.0
INN21344,1,0.0
INN21357,1,1.0
INN21366,0,1.0
INN21367,0,1.0
INN21368,0,0.0
INN21371,1,1.0
INN21372,0,0.0
INN21380,0,0.0
INN21385,1,1.0
INN21386,1,1.0
INN21399,0,0.0
INN21400,1,1.0
INN21414,0,0.0
INN21417,0,0.0
INN21419,0,0.0
INN21424,0,0.0
INN21425,0,1.0
INN21426,0,0.0
INN21428,1,1.0
INN21429,1,1.0
INN21430,1,0.0
INN21438,0,0.0
INN21445,1,1.0
INN21455,1,1.0
INN21467,0,0.0
INN21470,0,1.0
INN21475,0,0.0
INN21483,0,0.0
INN21484,1,0.0
INN21487,0,0.0
INN21497,0,0.0
INN21499,0,0.0
INN21503,0,0.0
INN21513,0,1.0
INN21515,0,0.0
INN21519,0,0.0
INN21521,0,0.0
INN21530,1,1.0
INN21542,0,0.0
INN21546,0,0.0
INN21553,1,1.0
INN21558,0,0.0
INN21564,0,0.0
INN21574,1,1.0
INN21581,1,1.0
INN21583,0,0.0
INN21588,0,0.0
INN21597,0,0.0
INN21603,0,0.0
INN21605,0,0.0
INN21609,0,0.0
INN21617,0,0.0
INN21622,0,0.0
INN21629,1,1.0
INN21630,1,1.0
INN21633,1,0.0
INN21642,1,0.0
INN21646,1,1.0
INN21647,0,0.0
INN21651,0,0.0
INN21657,0,0.0
INN21662,0,0.0
INN21667,0,0.0
INN21673,1,1.0
INN21687,0,0.0
INN21690,1,1.0
INN21694,0,0.0
INN21696,0,0.0
INN21700,0,0.0
INN21704,0,0.0
INN21718,0,0.0
INN21732,0,0.0
INN21733,0,0.0
INN21735,0,0.0
INN21737,1,1.0
INN21739,0,0.0
INN21746,1,1.0
INN21750,0,0.0
INN21758,0,0.0
INN21764,0,0.0
INN21776,0,0.0
INN21779,0,0.0
INN21782,0,0.0
INN21785,1,1.0
INN21786,0,0.0
INN21788,0,0.0
INN21800,1,0.0
INN21804,1,1.0
INN21807,0,0.0
INN21809,0,1.0
INN21826,1,1.0
INN21839,1,0.0
INN21843,0,0.0
INN21845,0,0.0
INN21849,1,1.0
INN21854,0,0.0
INN21865,1,0.0
INN21872,0,0.0
INN21877,0,0.0
INN21881,0,0.0
INN21886,0,0.0
INN21889,0,0.0
INN21890,1,0.0
INN21897,1,1.0
INN21901,0,0.0
INN21906,0,0.0
INN21919,0,0.0
INN21922,1,1.0
INN21927,1,1.0
INN21932,1,1.0
INN21934,1,1.0
INN21937,0,0.0
INN21945,1,1.0
INN21956,0,0.0
INN21960,0,0.0
INN21963,0,0.0
INN21966,0,1.0
INN21969,0,1.0
INN21971,0,0.0
INN21974,0,1.0
INN21995,1,0.0
INN21997,1,1.0
INN21999,1,1.0
INN22005,1,1.0
INN22033,0,0.0
INN22035,1,1.0
INN22038,0,0.0
INN22047,1,1.0
INN22054,0,0.0
INN22056,1,1.0
INN22059,0,0.0
INN22064,0,0.0
INN22067,0,0.0
INN22072,1,0.0
INN22078,1,1.0
INN22079,0,0.0
INN22082,1,0.0
INN22084,1,1.0
INN22090,1,0.0
INN22097,0,0.0
INN22109,0,0.0
INN22114,0,0.0
INN22122,0,0.0
INN22124,1,0.0
INN22125,1,1.0
INN22127,1,0.0
INN22130,1,1.0
INN22155,1,1.0
INN22157,1,1.0
INN22160,1,1.0
INN22163,0,1.0
INN22166,0,0.0
INN22169,0,0.0
INN22174,1,1.0
INN22183,0,0.0
INN22194,0,0.0
INN22195,0,1.0
INN22196,0,0.0
INN22197,0,0.0
INN22212,0,0.0
INN22214,1,1.0
INN22223,0,0.0
INN22224,1,1.0
INN22241,0,0.0
INN22268,0,0.0
INN22277,0,0.0
INN22284,1,1.0
INN22302,0,1.0
INN22303,1,1.0
INN22305,0,0.0
INN22309,1,1.0
INN22317,0,0.0
INN22322,1,1.0
INN22326,1,1.0
INN22329,1,1.0
INN22338,1,1.0
INN22340,0,0.0
INN22341,0,0.0
INN22342,0,0.0
INN22348,0,0.0
INN22354,0,0.0
INN22358,1,1.0
INN22365,1,1.0
INN22367,1,1.0
INN22371,1,1.0
INN22372,1,0.0
INN22374,0,0.0
INN22381,0,0.0
INN22397,0,0.0
INN22398,0,0.0
INN22411,1,0.0
INN22417,0,1.0
INN22426,0,0.0
INN22437,0,0.0
INN22440,0,0.0
INN22442,0,0.0
INN22445,0,0.0
INN22454,0,0.0
INN22461,0,0.0
INN22462,0,0.0
INN22464,0,0.0
INN22466,0,0.0
INN22475,0,0.0
INN22478,0,0.0
INN22483,0,0.0
INN22484,0,0.0
INN22490,0,0.0
INN22492,0,0.0
INN22496,0,0.0
INN22501,1,0.0
INN22506,0,1.0
INN22511,1,1.0
INN22514,0,0.0
INN22519,1,1.0
INN22523,1,0.0
INN22528,0,0.0
INN22531,0,0.0
INN22533,0,0.0
INN22534,1,1.0
INN22535,0,0.0
INN22537,0,0.0
INN22547,0,0.0
INN22552,1,1.0
INN22554,1,0.0
INN22566,0,0.0
INN22570,0,0.0
INN22571,0,1.0
INN22573,0,0.0
INN22576,0,0.0
INN22584,1,0.0
INN22589,1,1.0
INN22590,1,1.0
INN22594,1,0.0
INN22597,0,1.0
INN22601,0,0.0
INN22602,0,1.0
INN22603,0,0.0
INN22610,1,1.0
INN22617,1,1.0
INN22624,0,0.0
INN22626,0,0.0
INN22627,1,1.0
INN22630,0,0.0
INN22631,1,1.0
INN22637,0,0.0
INN22639,0,1.0
INN22644,1,1.0
INN22645,1,1.0
INN22657,0,0.0
INN22665,1,1.0
INN22666,0,0.0
INN22676,1,1.0
INN22679,0,0.0
INN22683,0,0.0
INN22685,0,0.0
INN22691,0,0.0
INN22694,0,0.0
INN22698,0,1.0
INN22699,1,1.0
INN22722,0,0.0
INN22724,0,0.0
INN22732,0,0.0
INN22735,1,1.0
INN22736,0,0.0
INN22737,0,0.0
INN22748,0,0.0
INN22755,0,0.0
INN22757,0,0.0
INN22759,0,0.0
INN22760,0,0.0
INN22763,0,0.0
INN22770,1,0.0
INN22772,0,0.0
INN22774,1,0.0
INN22775,0,0.0
INN22791,1,0.0
INN22794,0,0.0
INN22800,1,1.0
INN22803,0,0.0
INN22809,0,0.0
INN22810,0,0.0
INN22814,0,0.0
INN22816,0,0.0
INN22817,0,0.0
INN22829,0,0.0
INN22832,0,0.0
INN22839,0,0.0
INN22842,0,0.0
INN22843,0,0.0
INN22848,0,0.0
INN22858,0,0.0
INN22871,1,1.0
INN22872,1,1.0
INN22875,1,0.0
INN22877,0,0.0
INN22881,1,1.0
INN22894,0,0.0
INN22905,1,1.0
INN22916,0,0.0
INN22918,1,1.0
INN22936,0,0.0
INN22946,1,1.0
INN22954,0,0.0
INN22960,1,1.0
INN22962,0,0.0
INN22968,0,0.0
INN22981,0,0.0
INN22989,0,0.0
INN22990,1,1.0
INN22993,0,0.0
INN23002,1,1.0
INN23017,1,1.0
INN23032,0,0.0
INN23033,0,0.0
INN23038,1,1.0
INN23039,0,0.0
INN23043,1,1.0
INN23046,0,0.0
INN23048,1,0.0
INN23049,0,0.0
INN23052,0,0.0
INN23062,0,0.0
INN23064,0,0.0
INN23071,1,1.0
INN23078,0,1.0
INN23082,0,1.0
INN23088,1,1.0
INN23089,1,0.0
INN23091,0,0.0
INN23105,0,0.0
INN23114,1,0.0
INN23115,1,0.0
INN23129,0,0.0
INN23130,1,1.0
INN23131,0,0.0
INN23133,1,0.0
INN23134,1,0.0
INN23135,0,0.0
INN23138,1,1.0
INN23139,0,0.0
INN23141,1,1.0
INN23143,0,0.0
INN23159,1,1.0
INN23166,0,0.0
INN23168,0,0.0
INN23169,0,0.0
INN23179,0,0.0
INN23180,0,0.0
INN23182,1,0.0
INN23186,0,0.0
INN23188,0,0.0
INN23189,0,0.0
INN23190,0,0.0
INN23194,0,0.0
INN23196,1,1.0
INN23204,1,0.0
INN23207,1,1.0
INN23220,0,0.0
INN23222,1,1.0
INN23226,1,1.0
INN23235,0,0.0
INN23243,0,0.0
INN23244,1,1.0
INN23245,0,0.0
INN23246,1,0.0
INN23249,0,0.0
INN23251,0,0.0
INN23255,1,1.0
INN23261,1,1.0
INN23273,0,0.0
INN23277,0,0.0
INN23281,0,0.0
INN23284,0,0.0
INN23293,0,0.0
INN23295,0,0.0
INN23300,0,0.0
INN23302,0,0.0
INN23309,0,0.0
INN23311,0,0.0
INN23312,0,0.0
INN23313,1,0.0
INN23316,1,0.0
INN23333,1,1.0
INN23341,1,1.0
INN23343,1,1.0
INN23349,1,1.0
INN23355,0,1.0
INN23369,0,0.0
INN23372,1,1.0
INN23376,1,0.0
INN23379,1,0.0
INN23384,0,0.0
INN23385,0,0.0
INN23399,0,0.0
INN23409,0,0.0
INN23414,0,0.0
INN23422,0,0.0
INN23436,0,0.0
INN23441,0,0.0
INN23445,0,0.0
INN23453,1,1.0
INN23459,1,0.0
INN23464,0,0.0
INN23465,0,1.0
INN23466,0,0.0
INN23473,1,0.0
INN23499,0,0.0
INN23502,0,0.0
INN23508,0,1.0
INN23514,0,0.0
INN23515,1,0.0
INN23518,0,0.0
INN23520,0,0.0
INN23527,0,0.0
INN23536,1,1.0
INN23551,0,0.0
INN23563,0,0.0
INN23574,0,0.0
INN23585,0,0.0
INN23604,1,0.0
INN23607,0,0.0
INN23609,1,1.0
INN23615,0,0.0
INN23620,0,0.0
INN23621,0,0.0
INN23627,1,1.0
INN23629,0,0.0
INN23632,0,0.0
INN23633,0,0.0
INN23634,0,0.0
INN23635,0,0.0
INN23641,0,0.0
INN23645,1,1.0
INN23647,1,1.0
INN23649,0,0.0
INN23669,0,0.0
INN23675,1,1.0
INN23678,0,0.0
INN23680,0,0.0
INN23681,0,0.0
INN23689,1,1.0
INN23691,0,0.0
INN23696,0,0.0
INN23699,0,0.0
INN23706,0,0.0
INN23721,1,1.0
INN23724,0,0.0
INN23728,1,0.0
INN23730,1,1.0
INN23733,0,0.0
INN23734,0,0.0
INN23735,1,1.0
INN23741,0,0.0
INN23745,0,0.0
INN23750,1,1.0
INN23761,0,0.0
INN23765,0,0.0
INN23769,0,0.0
INN23774,1,0.0
INN23779,0,0.0
INN23788,0,0.0
INN23799,0,0.0
INN23807,0,0.0
INN23820,1,0.0
INN23828,0,0.0
INN23835,0,0.0
INN23836,1,1.0
INN23840,1,1.0
INN23849,0,0.0
INN23856,0,0.0
INN23861,0,0.0
INN23864,0,0.0
INN23868,1,1.0
INN23875,0,0.0
INN23878,1,1.0
INN23879,1,0.0
INN23880,0,0.0
INN23883,1,1.0
INN23888,0,0.0
INN23893,1,1.0
INN23894,1,1.0
INN23898,1,1.0
INN23900,1,1.0
INN23903,1,1.0
INN23905,0,0.0
INN23907,0,0.0
INN23910,0,0.0
INN23911,0,1.0
INN23915,0,0.0
INN23920,0,0.0
INN23925,0,0.0
INN23933,0,0.0
INN23937,0,0.0
INN23939,0,0.0
INN23959,0,0.0
INN23960,0,0.0
INN23967,1,1.0
INN23971,0,1.0
INN23973,0,1.0
INN23981,0,0.0
INN23983,0,0.0
INN23984,0,0.0
INN23985,1,0.0
INN23990,0,0.0
INN23991,1,1.0
INN23996,0,0.0
INN23997,1,1.0
INN24003,0,0.0
INN24015,1,1.0
INN24018,0,0.0
INN24028,0,0.0
INN24030,0,0.0
INN24031,0,0.0
INN24036,0,0.0
INN24037,0,0.0
INN24038,0,0.0
INN24040,0,0.0
INN24043,0,0.0
INN24045,0,0.0
INN24046,1,0.0
INN24047,0,0.0
INN24050,1,0.0
INN24051,1,0.0
INN24057,0,0.0
INN24058,0,0.0
INN24061,1,1.0
INN24074,0,0.0
INN24075,1,1.0
INN24079,0,0.0
INN24086,0,0.0
INN24090,1,1.0
INN24096,0,0.0
INN24097,0,0.0
INN24105,1,1.0
INN24113,1,1.0
INN24117,0,0.0
INN24123,0,0.0
INN24126,0,0.0
INN24129,0,0.0
INN24130,0,0.0
INN24142,0,0.0
INN24153,0,0.0
INN24159,0,0.0
INN24163,0,0.0
INN24167,0,0.0
INN24171,0,0.0
INN24173,0,0.0
INN24178,0,0.0
INN24180,0,0.0
INN24185,1,1.0
INN24189,0,0.0
INN24198,0,0.0
INN24201,0,0.0
INN24204,0,0.0
INN24212,0,0.0
INN24213,0,0.0
INN24221,0,1.0
INN24224,0,0.0
INN24234,0,0.0
INN24235,0,0.0
INN24240,1,1.0
INN24241,0,0.0
INN24242,0,0.0
INN24250,1,1.0
INN24251,0,0.0
INN24263,1,0.0
INN24264,0,0.0
INN24268,0,0.0
INN24271,0,0.0
INN24274,0,0.0
INN24278,0,0.0
INN24284,0,1.0
INN24288,0,0.0
INN24291,1,0.0
INN24311,0,0.0
INN24312,1,0.0
INN24319,0,0.0
INN24320,0,0.0
INN24325,0,0.0
INN24330,1,1.0
INN24334,0,1.0
INN24337,0,0.0
INN24345,0,0.0
INN24352,1,1.0
INN24355,0,0.0
INN24356,0,0.0
INN24361,0,0.0
INN24363,0,0.0
INN24371,1,1.0
INN24373,0,0.0
INN24374,1,1.0
INN24376,0,0.0
INN24379,1,0.0
INN24388,1,1.0
INN24392,1,0.0
INN24394,0,0.0
INN24400,1,1.0
INN24401,0,0.0
INN24413,0,0.0
INN24417,0,0.0
INN24418,0,0.0
INN24419,1,1.0
INN24422,1,0.0
INN24423,1,0.0
INN24430,1,1.0
INN24431,1,1.0
INN24436,0,0.0
INN24439,1,1.0
INN24440,0,0.0
INN24444,0,0.0
INN24445,0,0.0
INN24447,0,0.0
INN24449,1,1.0
INN24460,0,0.0
INN24462,1,1.0
INN24464,1,1.0
INN24468,1,1.0
INN24471,0,0.0
INN24488,0,0.0
INN24490,1,1.0
INN24492,0,0.0
INN24496,0,1.0
INN24497,1,1.0
INN24511,0,0.0
INN24512,1,1.0
INN24513,0,0.0
INN24521,0,0.0
INN24523,0,0.0
INN24538,0,0.0
INN24548,0,0.0
INN24551,1,0.0
INN24553,0,0.0
INN24559,1,0.0
INN24565,1,0.0
INN24566,0,0.0
INN24570,1,1.0
INN24571,0,0.0
INN24573,1,1.0
INN24574,1,1.0
INN24585,1,1.0
INN24599,0,0.0
INN24603,0,0.0
INN24617,0,0.0
INN24618,0,0.0
INN24623,0,1.0
INN24625,0,0.0
INN24626,1,1.0
INN24627,0,0.0
INN24629,0,0.0
INN24639,0,0.0
INN24640,1,0.0
INN24642,0,0.0
INN24646,0,0.0
INN24647,1,0.0
INN24651,1,0.0
INN24661,0,0.0
INN24665,1,1.0
INN24667,0,0.0
INN24668,0,1.0
INN24669,0,0.0
INN24679,0,0.0
INN24685,0,0.0
INN24694,0,0.0
INN24698,0,0.0
INN24699,1,0.0
INN24712,1,1.0
INN24719,0,0.0
INN24721,0,0.0
INN24723,0,0.0
INN24728,1,0.0
INN24730,0,0.0
INN24734,0,0.0
INN24739,0,0.0
INN24760,0,0.0
INN24763,1,1.0
INN24764,0,0.0
INN24765,0,0.0
INN24766,1,0.0
INN24767,0,0.0
INN24768,0,0.0
INN24773,0,0.0
INN24778,1,1.0
INN24779,1,0.0
INN24780,1,1.0
INN24781,0,0.0
INN24785,1,1.0
INN24786,0,0.0
INN24790,0,0.0
INN24795,1,0.0
INN24798,0,0.0
INN24801,0,0.0
INN24804,0,0.0
INN24812,1,1.0
INN24816,1,1.0
INN24818,0,0.0
INN24823,1,1.0
INN24832,0,0.0
INN24842,0,0.0
INN24849,1,1.0
INN24850,0,0.0
INN24861,0,0.0
INN24862,0,0.0
INN24882,1,0.0
INN24889,0,0.0
INN24895,0,0.0
INN24897,0,0.0
INN24903,0,0.0
INN24904,1,1.0
INN24912,1,1.0
INN24916,0,0.0
INN24917,0,0.0
INN24920,0,0.0
INN24922,0,0.0
INN24923,0,0.0
INN24926,0,0.0
INN24929,0,1.0
INN24932,0,1.0
INN24934,0,0.0
INN24936,0,0.0
INN24945,0,1.0
INN24947,0,0.0
INN24949,0,0.0
INN24953,1,1.0
INN24956,0,0.0
INN24958,1,0.0
INN24964,1,0.0
INN24970,0,0.0
INN24973,0,0.0
INN24977,1,0.0
INN24998,0,0.0
INN24999,0,0.0
INN25002,1,1.0
INN25009,0,0.0
INN25010,0,1.0
INN25014,0,0.0
INN25019,0,0.0
INN25021,0,0.0
INN25027,1,0.0
INN25034,0,0.0
INN25040,0,0.0
INN25050,0,0.0
INN25053,1,1.0
INN25068,1,1.0
INN25070,0,0.0
INN25072,1,1.0
INN25073,0,0.0
INN25082,1,1.0
INN25084,0,0.0
INN25085,0,1.0
INN25086,1,0.0
INN25090,0,0.0
INN25091,1,1.0
INN25092,0,0.0
INN25099,1,1.0
INN25100,0,0.0
INN25104,1,1.0
INN25108,1,1.0
INN25111,0,0.0
INN25112,1,1.0
INN25115,0,0.0
INN25118,0,0.0
INN25119,0,0.0
INN25129,0,0.0
INN25137,1,1.0
INN25138,0,0.0
INN25140,0,0.0
INN25147,0,0.0
INN25152,1,1.0
INN25164,0,0.0
INN25167,0,1.0
INN25177,0,0.0
INN25179,1,1.0
INN25188,1,0.0
INN25200,0,0.0
INN25206,0,0.0
INN25209,1,0.0
INN25210,0,0.0
INN25214,0,0.0
INN25215,0,0.0
INN25218,1,1.0
INN25223,0,0.0
INN25224,0,0.0
INN25227,1,0.0
INN25229,0,0.0
INN25231,0,0.0
INN25234,1,0.0
INN25236,1,1.0
INN25247,0,0.0
INN25256,0,0.0
INN25261,0,0.0
INN25263,0,0.0
INN25267,0,0.0
INN25272,0,0.0
INN25273,0,0.0
INN25275,1,1.0
INN25279,0,1.0
INN25280,0,0.0
INN25281,1,0.0
INN25285,1,1.0
INN25297,0,0.0
INN25312,1,1.0
INN25320,1,1.0
INN25322,0,0.0
INN25328,1,0.0
INN25329,1,1.0
INN25332,0,0.0
INN25366,1,1.0
INN25368,1,1.0
INN25375,1,0.0
INN25381,0,0.0
INN25382,0,0.0
INN25383,0,0.0
INN25391,0,0.0
INN25407,0,0.0
INN25409,0,0.0
INN25412,1,0.0
INN25421,0,0.0
INN25423,0,0.0
INN25427,1,0.0
INN25431,0,0.0
INN25433,0,0.0
INN25437,0,0.0
INN25438,0,0.0
INN25452,0,0.0
INN25453,0,0.0
INN25456,1,1.0
INN25465,1,1.0
INN25466,1,0.0
INN25467,0,0.0
INN25472,1,1.0
INN25478,0,0.0
INN25479,0,0.0
INN25480,0,0.0
INN25487,0,0.0
INN25498,1,0.0
INN25516,0,0.0
INN25517,0,0.0
INN25525,0,0.0
INN25526,0,0.0
INN25527,1,1.0
INN25528,1,1.0
INN25533,0,0.0
INN25535,0,0.0
INN25542,0,0.0
INN25547,0,1.0
INN25550,0,0.0
INN25558,1,1.0
INN25562,0,0.0
INN25567,0,0.0
INN25568,1,1.0
INN25573,0,0.0
INN25574,1,1.0
INN25584,0,0.0
INN25587,0,1.0
INN25593,0,0.0
INN25596,0,0.0
INN25603,0,0.0
INN25613,0,0.0
INN25622,0,0.0
INN25623,0,0.0
INN25631,0,0.0
INN25632,0,0.0
INN25638,1,1.0
INN25639,1,1.0
INN25642,0,0.0
INN25643,1,1.0
INN25644,0,0.0
INN25650,0,0.0
INN25656,0,0.0
INN25661,0,0.0
INN25678,0,0.0
INN25680,0,0.0
INN25681,0,0.0
INN25686,1,0.0
INN25695,0,0.0
INN25698,1,1.0
INN25699,1,1.0
INN25700,1,1.0
INN25706,0,0.0
INN25716,1,0.0
INN25726,0,0.0
INN25730,0,0.0
INN25731,1,0.0
INN25733,0,0.0
INN25742,0,0.0
INN25747,0,0.0
INN25750,0,0.0
INN25761,1,1.0
INN25764,0,0.0
INN25765,1,1.0
INN25766,1,0.0
INN25767,0,0.0
INN25784,0,0.0
INN25789,0,0.0
INN25790,0,0.0
INN25799,0,0.0
INN25800,0,0.0
INN25810,1,1.0
INN25812,0,0.0
INN25813,0,0.0
INN25814,1,1.0
INN25816,1,1.0
INN25819,0,0.0
INN25825,0,1.0
INN25831,1,0.0
INN25834,1,0.0
INN25838,0,0.0
INN25839,1,0.0
INN25840,0,0.0
INN25854,1,1.0
INN25856,0,0.0
INN25865,0,0.0
INN25866,1,1.0
INN25869,1,0.0
INN25876,0,0.0
INN25882,0,0.0
INN25886,1,0.0
INN25891,0,0.0
INN25898,0,0.0
INN25899,0,0.0
INN25901,1,0.0
INN25909,1,1.0
INN25910,0,0.0
INN25919,0,0.0
INN25928,0,0.0
INN25932,0,0.0
INN25938,0,0.0
INN25956,0,0.0
INN25957,1,1.0
INN25961,0,1.0
INN25968,0,0.0
INN25977,0,0.0
INN25987,0,0.0
INN25995,0,0.0
INN26031,1,1.0
INN26041,0,0.0
INN26042,0,0.0
INN26052,1,1.0
INN26053,1,1.0
INN26056,1,1.0
INN26058,1,1.0
INN26059,0,0.0
INN26063,0,0.0
INN26065,0,0.0
INN26073,0,0.0
INN26078,1,1.0
INN26086,0,0.0
INN26091,0,0.0
INN26095,0,0.0
INN26107,1,0.0
INN26108,0,0.0
INN26113,0,0.0
INN26114,1,0.0
INN26116,1,1.0
INN26126,1,1.0
INN26128,1,1.0
INN26137,1,0.0
INN26141,0,0.0
INN26151,1,0.0
INN26156,1,1.0
INN26157,1,0.0
INN26158,0,0.0
INN26161,1,1.0
INN26174,0,0.0
INN26176,0,0.0
INN26180,1,0.0
INN26183,0,0.0
INN26197,0,0.0
INN26199,0,0.0
INN26203,0,0.0
INN26208,0,0.0
INN26209,1,1.0
INN26216,0,0.0
INN26217,0,0.0
INN26232,0,0.0
INN26236,1,1.0
INN26239,1,1.0
INN26250,1,1.0
INN26251,0,0.0
INN26253,0,0.0
INN26257,0,0.0
INN26259,0,0.0
INN26262,0,0.0
INN26263,1,0.0
INN26264,0,0.0
INN26265,1,0.0
INN26288,0,0.0
INN26293,1,1.0
INN26294,0,0.0
INN26301,0,0.0
INN26303,0,0.0
INN26305,0,0.0
INN26306,0,0.0
INN26310,1,1.0
INN26326,0,0.0
INN26327,0,0.0
INN26328,0,0.0
INN26329,0,1.0
INN26330,0,0.0
INN26331,0,0.0
INN26335,0,0.0
INN26342,0,0.0
INN26348,0,0.0
INN26369,0,0.0
INN26372,0,0.0
INN26395,1,0.0
INN26398,1,1.0
INN26407,1,1.0
INN26409,1,1.0
INN26411,0,0.0
INN26417,0,0.0
INN26419,0,0.0
INN26422,0,0.0
INN26423,1,1.0
INN26446,0,0.0
INN26447,0,1.0
INN26454,0,0.0
INN26460,0,0.0
INN26467,0,0.0
INN26476,0,0.0
INN26484,0,0.0
INN26493,1,1.0
INN26497,1,0.0
INN26511,0,0.0
INN26518,1,1.0
INN26520,1,1.0
INN26523,0,0.0
INN26533,0,0.0
INN26535,0,0.0
INN26538,0,0.0
INN26539,0,0.0
INN26543,0,0.0
INN26544,0,0.0
INN26547,0,0.0
INN26553,0,0.0
INN26554,1,0.0
INN26568,0,0.0
INN26573,1,1.0
INN26588,0,0.0
INN26591,1,1.0
INN26592,0,0.0
INN26594,1,0.0
INN26598,0,0.0
INN26600,0,0.0
INN26602,0,0.0
INN26604,1,1.0
INN26607,1,1.0
INN26608,1,0.0
INN26615,1,0.0
INN26619,0,0.0
INN26622,1,0.0
INN26632,0,0.0
INN26635,0,0.0
INN26645,0,0.0
INN26646,1,1.0
INN26649,0,0.0
INN26650,1,0.0
INN26651,1,1.0
INN26655,0,0.0
INN26657,0,0.0
INN26658,1,1.0
INN26659,0,0.0
INN26683,1,0.0
INN26685,1,1.0
INN26686,0,0.0
INN26688,0,1.0
INN26692,1,1.0
INN26694,0,0.0
INN26697,0,0.0
INN26700,0,0.0
INN26703,0,1.0
INN26708,0,0.0
INN26713,0,0.0
INN26716,0,0.0
INN26719,1,0.0
INN26722,0,1.0
INN26725,0,0.0
INN26743,0,0.0
INN26757,1,1.0
INN26759,0,0.0
INN26763,0,0.0
INN26777,0,1.0
INN26787,0,0.0
INN26788,0,0.0
INN26800,0,0.0
INN26807,0,0.0
INN26814,0,1.0
INN26820,0,0.0
INN26821,0,0.0
INN26824,0,0.0
INN26830,1,0.0
INN26831,0,0.0
INN26832,0,0.0
INN26840,0,0.0
INN26843,0,0.0
INN26845,1,0.0
INN26853,0,0.0
INN26854,0,0.0
INN26866,1,1.0
INN26875,0,0.0
INN26876,0,0.0
INN26884,0,0.0
INN26887,0,0.0
INN26891,0,0.0
INN26895,1,1.0
INN26904,0,0.0
INN26905,0,0.0
INN26913,0,0.0
INN26914,0,0.0
INN26930,0,0.0
INN26933,0,0.0
INN26937,1,1.0
INN26940,0,0.0
INN26954,1,0.0
INN26960,0,0.0
INN26962,1,1.0
INN26969,0,0.0
INN26970,0,0.0
INN26984,1,1.0
INN26985,1,0.0
INN26989,0,0.0
INN27001,0,0.0
INN27014,1,1.0
INN27015,0,0.0
INN27017,0,0.0
INN27021,0,0.0
INN27024,0,0.0
INN27025,0,0.0
INN27036,1,0.0
INN27042,0,1.0
INN27047,0,0.0
INN27056,0,0.0
INN27058,0,0.0
INN27059,1,1.0
INN27061,1,1.0
INN27063,0,1.0
INN27078,1,1.0
INN27083,1,0.0
INN27085,0,1.0
INN27092,0,0.0
INN27098,1,0.0
INN27100,1,1.0
INN27106,0,0.0
INN27107,1,0.0
INN27116,0,0.0
INN27123,0,0.0
INN27125,0,0.0
INN27139,1,1.0
INN27142,0,0.0
INN27144,0,0.0
INN27148,0,0.0
INN27156,0,0.0
INN27157,0,0.0
INN27158,1,0.0
INN27159,0,0.0
INN27166,1,1.0
INN27171,0,0.0
INN27181,0,0.0
INN27189,0,0.0
INN27198,0,0.0
INN27206,1,1.0
INN27209,0,0.0
INN27210,0,0.0
INN27217,0,0.0
INN27221,0,0.0
INN27228,1,0.0
INN27231,1,1.0
INN27232,1,1.0
INN27233,0,0.0
INN27243,0,0.0
INN27256,1,1.0
INN27262,0,0.0
INN27263,0,1.0
INN27269,1,1.0
INN27272,0,0.0
INN27275,0,0.0
INN27276,0,0.0
INN27277,1,1.0
INN27295,0,0.0
INN27297,0,1.0
INN27303,1,1.0
INN27313,1,1.0
INN27321,1,1.0
INN27325,0,0.0
INN27350,1,0.0
INN27351,0,0.0
INN27352,0,0.0
INN27357,0,0.0
INN27361,1,1.0
INN27366,0,0.0
INN27386,0,0.0
INN27389,0,1.0
INN27392,1,1.0
INN27394,0,0.0
INN27401,0,0.0
INN27403,0,0.0
INN27409,0,0.0
INN27410,1,1.0
INN27421,1,1.0
INN27423,0,0.0
INN27441,0,0.0
INN27454,0,0.0
INN27455,0,0.0
INN27457,0,0.0
INN27461,0,0.0
INN27462,0,0.0
INN27463,0,0.0
INN27472,1,0.0
INN27479,1,1.0
INN27480,0,0.0
INN27481,0,0.0
INN27487,1,0.0
INN27497,0,0.0
INN27502,1,1.0
INN27503,0,0.0
INN27506,0,0.0
INN27514,1,1.0
INN27517,1,0.0
INN27530,1,1.0
INN27537,0,0.0
INN27538,1,0.0
INN27544,0,0.0
INN27545,0,0.0
INN27550,0,0.0
INN27551,0,0.0
INN27552,1,0.0
INN27558,1,1.0
INN27562,0,0.0
INN27564,0,1.0
INN27569,1,1.0
INN27572,1,1.0
INN27575,0,0.0
INN27576,0,0.0
INN27578,0,0.0
INN27579,0,0.0
INN27582,1,0.0
INN27585,1,1.0
INN27586,1,0.0
INN27597,0,0.0
INN27601,1,1.0
INN27603,0,0.0
INN27605,1,1.0
INN27608,0,0.0
INN27618,0,1.0
INN27625,0,0.0
INN27628,0,0.0
INN27637,1,1.0
INN27638,0,0.0
INN27642,1,1.0
INN27648,0,0.0
INN27649,0,0.0
INN27650,1,0.0
INN27656,0,0.0
INN27657,0,0.0
INN27663,0,0.0
INN27671,0,0.0
INN27676,0,0.0
INN27686,1,1.0
INN27690,0,0.0
INN27692,1,0.0
INN27699,0,1.0
INN27705,0,0.0
INN27712,1,1.0
INN27713,0,0.0
INN27719,0,0.0
INN27722,0,0.0
INN27725,0,0.0
INN27726,1,1.0
INN27727,1,1.0
INN27733,0,0.0
INN27738,0,0.0
INN27740,0,0.0
INN27741,1,0.0
INN27743,1,1.0
INN27747,1,0.0
INN27757,0,0.0
INN27775,0,0.0
INN27779,0,0.0
INN27785,0,0.0
INN27799,0,0.0
INN27801,0,0.0
INN27806,1,0.0
INN27807,0,0.0
INN27809,0,0.0
INN27812,0,0.0
INN27813,0,0.0
INN27819,0,0.0
INN27821,0,0.0
INN27824,0,0.0
INN27826,0,0.0
INN27828,0,0.0
INN27832,0,0.0
INN27836,1,0.0
INN27840,0,0.0
INN27845,0,0.0
INN27850,0,1.0
INN27852,1,1.0
INN27861,0,0.0
INN27866,0,0.0
INN27873,0,0.0
INN27876,1,0.0
INN27877,0,0.0
INN27890,1,1.0
INN27891,0,1.0
INN27897,0,0.0
INN27898,0,0.0
INN27905,0,0.0
INN27911,0,0.0
INN27917,0,1.0
INN27919,0,0.0
INN27924,0,0.0
INN27925,0,0.0
INN27930,0,1.0
INN27934,0,1.0
INN27948,1,0.0
INN27949,0,0.0
INN27957,1,1.0
INN27968,1,1.0
INN27969,1,0.0
INN27975,1,1.0
INN27989,0,0.0
INN27997,0,0.0
INN28002,1,1.0
INN28005,0,1.0
INN28009,0,0.0
INN28012,0,0.0
INN28021,0,0.0
INN28023,1,1.0
INN28024,1,1.0
INN28032,0,0.0
INN28034,0,0.0
INN28041,0,0.0
INN28051,1,1.0
INN28054,1,1.0
INN28060,1,1.0
INN28062,0,0.0
INN28069,0,0.0
INN28070,0,0.0
INN28072,0,0.0
INN28073,1,1.0
INN28074,1,0.0
INN28079,0,0.0
INN28082,0,0.0
INN28085,0,0.0
INN28086,1,1.0
INN28093,0,0.0
INN28103,0,1.0
INN28105,1,1.0
INN28106,0,0.0
INN28108,1,1.0
INN28109,0,0.0
INN28110,1,1.0
INN28111,0,0.0
INN28116,1,1.0
INN28117,1,0.0
INN28120,1,1.0
INN28121,1,1.0
INN28133,0,0.0
INN28138,1,1.0
INN28149,0,0.0
INN28153,1,0.0
INN28154,1,1.0
INN28155,0,0.0
INN28159,0,0.0
INN28169,0,0.0
INN28172,1,1.0
INN28178,0,1.0
INN28180,0,0.0
INN28185,1,1.0
INN28190,0,0.0
INN28194,0,0.0
INN28197,0,0.0
INN28205,1,1.0
INN28210,0,0.0
INN28211,0,0.0
INN28213,0,0.0
INN28214,0,0.0
INN28217,0,0.0
INN28229,0,0.0
INN28230,0,0.0
INN28236,0,0.0
INN28249,0,0.0
INN28251,0,0.0
INN28253,0,0.0
INN28255,0,0.0
INN28259,0,0.0
INN28262,0,0.0
INN28265,0,0.0
INN28266,0,0.0
INN28268,0,0.0
INN28272,0,0.0
INN28274,1,1.0
INN28278,0,0.0
INN28285,0,0.0
INN28286,0,0.0
INN28293,0,0.0
INN28295,0,0.0
INN28297,0,0.0
INN28306,1,1.0
INN28308,0,0.0
INN28316,1,1.0
INN28318,0,0.0
INN28331,1,1.0
INN28332,1,1.0
INN28334,0,0.0
INN28336,1,1.0
INN28357,1,1.0
INN28364,1,0.0
INN28372,0,0.0
INN28379,0,0.0
INN28383,0,0.0
INN28384,0,0.0
INN28385,0,0.0
INN28391,0,0.0
INN28392,0,0.0
INN28397,0,1.0
INN28398,0,1.0
INN28407,1,1.0
INN28408,0,0.0
INN28417,0,0.0
INN28421,0,0.0
INN28423,0,0.0
INN28424,1,0.0
INN28438,0,0.0
INN28444,1,1.0
INN28445,0,0.0
INN28447,0,1.0
INN28451,0,0.0
INN28453,1,1.0
INN28454,0,0.0
INN28455,1,1.0
INN28456,0,0.0
INN28460,1,1.0
INN28461,1,1.0
INN28465,1,1.0
INN28474,1,1.0
INN28476,1,0.0
INN28479,0,0.0
INN28486,0,0.0
INN28487,0,0.0
INN28493,0,0.0
INN28506,0,0.0
INN28510,1,1.0
INN28515,0,0.0
INN28537,1,0.0
INN28538,0,0.0
INN28544,0,0.0
INN28546,1,1.0
INN28550,0,0.0
INN28551,0,0.0
INN28553,1,0.0
INN28555,0,0.0
INN28558,0,0.0
INN28566,0,0.0
INN28567,0,0.0
INN28569,0,0.0
INN28571,0,0.0
INN28577,0,0.0
INN28598,0,1.0
INN28604,0,0.0
INN28606,0,0.0
INN28610,1,1.0
INN28615,0,0.0
INN28617,0,0.0
INN28618,0,0.0
INN28622,0,0.0
INN28624,0,0.0
INN28631,1,1.0
INN28632,1,1.0
INN28633,0,0.0
INN28642,1,0.0
INN28650,0,0.0
INN28652,0,0.0
INN28657,1,1.0
INN28670,0,0.0
INN28678,0,0.0
INN28685,1,0.0
INN28686,1,0.0
INN28687,1,1.0
INN28688,1,1.0
INN28689,0,0.0
INN28692,1,1.0
INN28699,1,0.0
INN28700,0,0.0
INN28704,0,0.0
INN28712,1,0.0
INN28715,0,0.0
INN28717,1,0.0
INN28731,1,0.0
INN28733,1,1.0
INN28755,0,0.0
INN28757,0,0.0
INN28776,0,0.0
INN28778,0,0.0
INN28780,1,1.0
INN28782,0,0.0
INN28793,0,0.0
INN28797,0,1.0
INN28807,0,0.0
INN28812,0,0.0
INN28814,0,0.0
INN28822,0,0.0
INN28833,0,0.0
INN28835,0,0.0
INN28838,0,0.0
INN28839,1,1.0
INN28841,0,0.0
INN28843,0,1.0
INN28862,0,0.0
INN28866,1,0.0
INN28871,0,0.0
INN28876,1,0.0
INN28885,0,0.0
INN28886,0,0.0
INN28893,1,0.0
INN28894,1,1.0
INN28895,1,0.0
INN28896,0,0.0
INN28904,1,1.0
INN28923,0,0.0
INN28925,0,0.0
INN28932,0,0.0
INN28933,0,0.0
INN28934,0,0.0
INN28937,0,0.0
INN28944,0,0.0
INN28945,1,0.0
INN28946,0,0.0
INN28947,0,0.0
INN28955,1,0.0
INN28959,0,0.0
INN28965,0,0.0
INN28970,0,0.0
INN28972,1,1.0
INN28977,0,0.0
INN28978,0,0.0
INN28999,0,0.0
INN29005,0,1.0
INN29018,0,0.0
INN29020,0,1.0
INN29021,1,1.0
INN29037,1,0.0
INN29039,1,0.0
INN29043,0,0.0
INN29044,1,1.0
INN29047,0,0.0
INN29052,0,0.0
INN29060,0,0.0
INN29063,1,1.0
INN29067,0,0.0
INN29085,1,0.0
INN29087,1,0.0
INN29091,0,0.0
INN29097,0,1.0
INN29110,0,0.0
INN29113,1,0.0
INN29124,1,1.0
INN29125,0,0.0
INN29136,0,0.0
INN29138,0,0.0
INN29140,1,1.0
INN29158,1,1.0
INN29160,0,0.0
INN29161,0,0.0
INN29162,0,0.0
INN29174,0,1.0
INN29179,1,1.0
INN29181,0,1.0
INN29190,1,1.0
INN29199,0,1.0
INN29204,1,0.0
INN29205,0,0.0
INN29210,0,1.0
INN29214,1,1.0
INN29218,0,0.0
INN29225,0,0.0
INN29232,0,0.0
INN29235,1,0.0
INN29238,0,1.0
INN29239,1,1.0
INN29241,0,0.0
INN29249,1,1.0
INN29255,0,0.0
INN29256,0,0.0
INN29259,0,0.0
INN29267,0,0.0
INN29270,0,1.0
INN29279,1,0.0
INN29284,1,0.0
INN29301,0,0.0
INN29303,0,0.0
INN29313,0,1.0
INN29316,0,1.0
INN29317,0,0.0
INN29320,0,0.0
INN29323,1,1.0
INN29325,0,0.0
INN29328,0,0.0
INN29329,0,0.0
INN29334,0,0.0
INN29337,0,0.0
INN29341,0,0.0
INN29343,0,0.0
INN29348,1,0.0
INN29353,0,0.0
INN29357,0,0.0
INN29362,0,0.0
INN29363,0,0.0
INN29368,1,0.0
INN29380,0,0.0
INN29384,0,0.0
INN29389,1,1.0
INN29400,1,0.0
INN29402,0,0.0
INN29405,0,0.0
INN29407,0,1.0
INN29425,1,1.0
INN29427,0,0.0
INN29439,1,0.0
INN29441,1,1.0
INN29442,0,0.0
INN29449,1,1.0
INN29451,1,1.0
INN29466,1,0.0
INN29468,1,1.0
INN29469,1,1.0
INN29470,0,0.0
INN29476,0,0.0
INN29479,1,0.0
INN29482,1,0.0
INN29484,0,0.0
INN29485,1,1.0
INN29487,1,1.0
INN29491,0,0.0
INN29493,0,0.0
INN29494,0,0.0
INN29496,0,0.0
INN29500,0,0.0
INN29504,1,1.0
INN29505,0,0.0
INN29508,1,1.0
INN29510,0,0.0
INN29511,0,0.0
INN29528,1,0.0
INN29534,1,1.0
INN29535,0,0.0
INN29547,1,1.0
INN29549,1,1.0
INN29552,1,1.0
INN29553,0,0.0
INN29555,0,0.0
INN29561,1,0.0
INN29567,1,1.0
INN29574,1,1.0
INN29576,0,0.0
INN29586,0,0.0
INN29588,0,0.0
INN29589,0,0.0
INN29604,1,1.0
INN29614,0,0.0
INN29620,0,0.0
INN29621,1,1.0
INN29622,0,0.0
INN29638,1,0.0
INN29643,0,0.0
INN29649,1,0.0
INN29652,1,0.0
INN29664,1,1.0
INN29667,0,0.0
INN29685,1,1.0
INN29687,1,1.0
INN29688,1,0.0
INN29706,1,1.0
INN29708,0,0.0
INN29715,0,0.0
INN29719,0,0.0
INN29721,0,0.0
INN29723,1,1.0
INN29727,1,0.0
INN29743,0,0.0
INN29760,0,0.0
INN29767,0,0.0
INN29769,0,0.0
INN29774,0,0.0
INN29775,0,0.0
INN29781,0,0.0
INN29799,0,0.0
INN29804,1,1.0
INN29805,0,0.0
INN29811,0,0.0
INN29812,1,0.0
INN29816,0,0.0
INN29818,0,0.0
INN29825,1,1.0
INN29846,1,1.0
INN29850,0,0.0
INN29855,0,0.0
INN29863,0,0.0
INN29872,0,0.0
INN29887,1,1.0
INN29889,1,1.0
INN29893,1,0.0
INN29898,1,1.0
INN29919,0,0.0
INN29923,1,0.0
INN29928,1,0.0
INN29929,0,0.0
INN29938,1,1.0
INN29939,0,0.0
INN29944,0,0.0
INN29948,0,0.0
INN29949,0,0.0
INN29956,1,1.0
INN29958,0,1.0
INN29964,0,0.0
INN29981,0,0.0
INN29985,1,0.0
INN29986,0,0.0
INN29991,1,1.0
INN29995,0,0.0
INN29996,0,0.0
INN30000,0,0.0
INN30011,0,0.0
INN30021,1,1.0
INN30023,1,1.0
INN30024,1,1.0
INN30031,0,0.0
INN30033,1,1.0
INN30043,0,0.0
INN30044,0,0.0
INN30045,1,1.0
INN30049,1,1.0
INN30051,0,0.0
INN30055,0,0.0
INN30062,0,0.0
INN30067,1,1.0
INN30070,1,0.0
INN30071,0,0.0
INN30079,0,0.0
INN30081,0,0.0
INN30087,0,0.0
INN30096,0,0.0
INN30103,0,0.0
INN30106,0,0.0
INN30114,0,0.0
INN30128,0,0.0
INN30137,0,0.0
INN30138,1,1.0
INN30145,1,0.0
INN30157,0,0.0
INN30160,0,0.0
INN30170,0,0.0
INN30173,1,0.0
INN30178,0,0.0
INN30191,0,0.0
INN30192,0,0.0
INN30198,1,1.0
INN30204,0,0.0
INN30219,1,1.0
INN30230,0,0.0
INN30231,0,0.0
INN30234,0,0.0
INN30238,0,0.0
INN30243,0,0.0
INN30253,0,0.0
INN30263,0,0.0
INN30271,0,0.0
INN30272,1,1.0
INN30278,0,0.0
INN30280,1,1.0
INN30281,0,0.0
INN30289,0,0.0
INN30293,1,0.0
INN30296,0,0.0
INN30307,0,0.0
INN30310,1,1.0
INN30326,1,0.0
INN30327,0,0.0
INN30335,0,1.0
INN30336,0,0.0
INN30346,0,0.0
INN30349,0,0.0
INN30350,1,1.0
INN30352,0,0.0
INN30353,1,1.0
INN30358,0,0.0
INN30371,1,1.0
INN30375,1,0.0
INN30385,0,0.0
INN30391,0,0.0
INN30395,1,1.0
INN30404,1,1.0
INN30410,1,1.0
INN30414,0,0.0
INN30418,1,1.0
INN30422,1,1.0
INN30427,0,0.0
INN30430,1,0.0
INN30438,0,0.0
INN30447,0,1.0
INN30449,1,0.0
INN30451,0,0.0
INN30475,0,0.0
INN30476,1,1.0
INN30488,0,0.0
INN30489,0,0.0
INN30491,0,0.0
INN30498,0,0.0
INN30502,0,0.0
INN30505,0,1.0
INN30507,0,1.0
INN30509,1,0.0
INN30511,0,0.0
INN30512,0,0.0
INN30515,0,0.0
INN30518,0,0.0
INN30525,0,0.0
INN30527,0,0.0
INN30530,1,0.0
INN30534,0,0.0
INN30535,0,0.0
INN30536,0,0.0
INN30538,0,0.0
INN30549,0,0.0
INN30551,0,1.0
INN30554,1,0.0
INN30571,0,0.0
INN30578,0,0.0
INN30581,1,0.0
INN30585,1,1.0
INN30588,0,0.0
INN30590,0,0.0
INN30591,0,0.0
INN30603,0,0.0
INN30604,1,1.0
INN30608,1,1.0
INN30612,0,0.0
INN30618,0,0.0
INN30628,0,0.0
INN30629,1,1.0
INN30635,0,0.0
INN30636,1,1.0
INN30645,0,0.0
INN30646,1,1.0
INN30647,0,0.0
INN30651,1,0.0
INN30664,0,0.0
INN30666,0,0.0
INN30667,1,0.0
INN30669,1,0.0
INN30670,1,0.0
INN30679,0,0.0
INN30680,0,0.0
INN30684,0,0.0
INN30693,0,0.0
INN30700,0,0.0
INN30702,0,0.0
INN30707,0,0.0
INN30718,1,1.0
INN30727,0,0.0
INN30728,0,0.0
INN30732,0,0.0
INN30750,1,1.0
INN30753,1,0.0
INN30756,0,0.0
INN30758,0,0.0
INN30760,0,0.0
INN30762,1,0.0
INN30770,1,1.0
INN30780,1,0.0
INN30784,0,0.0
INN30790,0,0.0
INN30805,0,1.0
INN30808,0,0.0
INN30820,0,0.0
INN30836,0,0.0
INN30837,0,0.0
INN30839,0,0.0
INN30848,1,1.0
INN30852,0,0.0
INN30855,0,0.0
INN30862,0,0.0
INN30866,0,0.0
INN30870,1,0.0
INN30871,0,0.0
INN30877,1,0.0
INN30881,0,0.0
INN30883,0,0.0
INN30887,0,0.0
INN30891,1,1.0
INN30893,0,0.0
INN30894,0,0.0
INN30895,0,0.0
INN30898,0,0.0
INN30902,1,0.0
INN30903,0,0.0
INN30906,0,1.0
INN30913,0,0.0
INN30931,1,1.0
INN30933,0,0.0
INN30941,0,0.0
INN30947,0,0.0
INN30949,1,0.0
INN30963,0,0.0
INN30964,0,0.0
INN30965,1,1.0
INN30983,1,0.0
INN30992,0,0.0
INN30993,0,0.0
INN30996,0,0.0
INN30997,1,1.0
INN30999,1,1.0
INN31002,0,0.0
INN31005,0,1.0
INN31006,0,0.0
INN31013,0,0.0
INN31023,0,0.0
INN31025,0,0.0
INN31032,0,0.0
INN31036,1,1.0
INN31037,0,0.0
INN31040,0,0.0
INN31046,0,0.0
INN31047,0,1.0
INN31051,1,1.0
INN31058,0,0.0
INN31062,1,1.0
INN31064,0,0.0
INN31067,0,0.0
INN31083,0,0.0
INN31086,1,0.0
INN31089,0,0.0
INN31091,0,0.0
INN31092,0,0.0
INN31106,1,1.0
INN31131,0,1.0
INN31133,0,0.0
INN31139,1,0.0
INN31140,0,0.0
INN31149,1,0.0
INN31153,0,0.0
INN31154,0,0.0
INN31165,0,0.0
INN31168,1,1.0
INN31172,0,0.0
INN31179,0,0.0
INN31181,1,0.0
INN31182,0,0.0
INN31185,0,0.0
INN31190,0,1.0
INN31191,1,1.0
INN31195,1,0.0
INN31196,1,1.0
INN31198,0,0.0
INN31199,0,0.0
INN31204,1,1.0
INN31205,0,0.0
INN31207,0,0.0
INN31209,1,1.0
INN31211,1,1.0
INN31212,0,0.0
INN31215,0,0.0
INN31218,0,0.0
INN31219,0,0.0
INN31220,0,0.0
INN31224,1,0.0
INN31231,0,0.0
INN31246,0,0.0
INN31255,0,0.0
INN31259,0,0.0
INN31260,0,0.0
INN31266,0,0.0
INN31267,0,0.0
INN31271,1,1.0
INN31274,0,0.0
INN31275,1,1.0
INN31277,0,0.0
INN31281,1,1.0
INN31282,0,0.0
INN31285,0,0.0
INN31286,0,0.0
INN31296,1,1.0
INN31307,0,0.0
INN31315,0,0.0
INN31323,1,1.0
INN31327,1,1.0
INN31331,0,1.0
INN31335,1,1.0
INN31342,0,0.0
INN31343,0,1.0
INN31345,1,1.0
INN31349,0,0.0
INN31350,1,1.0
INN31352,0,0.0
INN31366,1,0.0
INN31370,0,0.0
INN31372,0,0.0
INN31373,1,1.0
INN31376,1,1.0
INN31390,0,0.0
INN31396,0,0.0
INN31399,0,0.0
INN31401,1,0.0
INN31410,1,1.0
INN31413,0,0.0
INN31419,1,1.0
INN31420,1,1.0
INN31422,1,1.0
INN31423,0,0.0
INN31425,1,0.0
INN31438,0,0.0
INN31440,0,0.0
INN31451,0,0.0
INN31457,0,1.0
INN31461,1,0.0
INN31462,1,1.0
INN31463,0,0.0
INN31465,0,0.0
INN31466,0,0.0
INN31467,0,0.0
INN31469,0,0.0
INN31470,1,0.0
INN31471,0,0.0
INN31482,1,1.0
INN31487,0,0.0
INN31492,1,0.0
INN31493,1,1.0
INN31495,0,0.0
INN31499,0,0.0
INN31502,0,0.0
INN31510,0,0.0
INN31515,1,1.0
INN31517,0,0.0
INN31520,0,0.0
INN31526,0,0.0
INN31545,0,0.0
INN31546,1,1.0
INN31550,0,0.0
INN31551,0,0.0
INN31552,0,0.0
INN31554,0,0.0
INN31555,0,0.0
INN31577,0,0.0
INN31579,0,0.0
INN31587,0,0.0
INN31591,1,1.0
INN31594,0,0.0
INN31595,1,0.0
INN31598,0,0.0
INN31600,0,0.0
INN31602,1,0.0
INN31609,0,0.0
INN31619,0,0.0
INN31628,1,1.0
INN31629,0,0.0
INN31630,1,1.0
INN31633,0,0.0
INN31644,0,0.0
INN31646,1,1.0
INN31650,0,1.0
INN31657,0,0.0
INN31662,0,0.0
INN31668,0,0.0
INN31671,1,1.0
INN31674,0,0.0
INN31675,1,1.0
INN31677,1,1.0
INN31682,0,0.0
INN31684,0,0.0
INN31689,1,1.0
INN31696,0,0.0
INN31700,0,0.0
INN31703,1,1.0
INN31704,0,0.0
INN31708,0,0.0
INN31709,1,0.0
INN31721,0,0.0
INN31727,1,0.0
INN31732,0,0.0
INN31733,0,0.0
INN31736,1,0.0
INN31741,0,0.0
INN31744,1,1.0
INN31754,0,0.0
INN31756,0,0.0
INN31757,1,1.0
INN31762,0,0.0
INN31777,0,0.0
INN31779,0,0.0
INN31787,0,0.0
INN31798,1,1.0
INN31800,0,0.0
INN31803,0,1.0
INN31808,1,1.0
INN31811,0,0.0
INN31814,0,0.0
INN31822,1,0.0
INN31828,1,1.0
INN31838,0,0.0
INN31849,0,0.0
INN31851,1,1.0
INN31852,0,0.0
INN31853,0,0.0
INN31858,0,0.0
INN31859,0,0.0
INN31860,0,0.0
INN31861,0,0.0
INN31862,0,0.0
INN31864,1,0.0
INN31867,0,0.0
INN31876,0,0.0
INN31883,0,0.0
INN31887,1,1.0
INN31889,0,1.0
INN31891,0,0.0
INN31893,1,0.0
INN31898,0,0.0
INN31902,0,0.0
INN31907,0,1.0
INN31914,0,0.0
INN31919,0,0.0
INN31920,0,0.0
INN31921,1,0.0
INN31924,1,1.0
INN31927,1,1.0
INN31953,1,1.0
INN31957,0,0.0
INN31959,0,0.0
INN31966,0,0.0
INN31967,0,0.0
INN31970,1,0.0
INN31973,0,0.0
INN31981,0,0.0
INN31982,0,0.0
INN31990,1,1.0
INN32004,1,1.0
INN32013,0,0.0
INN32020,0,0.0
INN32021,0,0.0
INN32023,1,0.0
INN32024,0,0.0
INN32032,0,0.0
INN32035,0,0.0
INN32037,1,0.0
INN32039,0,0.0
INN32058,0,1.0
INN32059,0,0.0
INN32061,0,0.0
INN32077,0,0.0
INN32081,0,0.0
INN32084,0,0.0
INN32088,0,0.0
INN32090,0,0.0
INN32094,1,0.0
INN32096,0,0.0
INN32102,0,0.0
INN32109,0,0.0
INN32110,0,0.0
INN32116,0,0.0
INN32124,1,1.0
INN32131,0,1.0
INN32134,0,0.0
INN32135,1,0.0
INN32141,1,1.0
INN32155,0,0.0
INN32161,0,0.0
INN32164,1,0.0
INN32170,1,1.0
INN32171,1,1.0
INN32174,1,1.0
INN32188,1,1.0
INN32199,1,1.0
INN32202,1,1.0
INN32222,0,0.0
INN32227,0,0.0
INN32234,0,0.0
INN32238,1,0.0
INN32241,0,0.0
INN32253,1,0.0
INN32260,0,0.0
INN32261,0,0.0
INN32263,0,0.0
INN32267,0,0.0
INN32275,1,1.0
INN32276,0,0.0
INN32281,1,0.0
INN32282,0,0.0
INN32284,0,0.0
INN32286,1,1.0
INN32302,0,0.0
INN32303,0,0.0
INN32319,0,0.0
INN32321,0,1.0
INN32324,1,1.0
INN32325,1,1.0
INN32328,0,0.0
INN32331,0,0.0
INN32333,0,0.0
INN32334,0,0.0
INN32346,0,0.0
INN32356,0,0.0
INN32362,1,0.0
INN32364,0,0.0
INN32367,0,0.0
INN32370,1,1.0
INN32371,0,0.0
INN32372,1,1.0
INN32379,0,0.0
INN32396,0,0.0
INN32397,0,0.0
INN32419,0,0.0
INN32425,0,0.0
INN32426,0,0.0
INN32428,1,0.0
INN32431,0,1.0
INN32437,0,0.0
INN32442,0,0.0
INN32451,0,0.0
INN32452,0,0.0
INN32485,0,0.0
INN32486,0,1.0
INN32488,0,0.0
INN32495,0,0.0
INN32499,0,0.0
INN32501,0,0.0
INN32505,0,0.0
INN32506,1,1.0
INN32511,0,0.0
INN32521,0,0.0
INN32522,1,0.0
INN32523,0,0.0
INN32524,1,1.0
INN32525,1,0.0
INN32532,0,0.0
INN32536,0,0.0
INN32545,1,1.0
INN32555,1,1.0
INN32557,0,1.0
INN32561,1,1.0
INN32563,1,1.0
INN32569,0,0.0
INN32572,1,1.0
INN32577,1,0.0
INN32578,0,0.0
INN32589,0,0.0
INN32594,1,1.0
INN32595,1,1.0
INN32602,0,0.0
INN32618,0,0.0
INN32619,1,1.0
INN32624,0,0.0
INN32635,0,0.0
INN32636,1,1.0
INN32639,0,0.0
INN32649,1,0.0
INN32653,0,0.0
INN32654,1,0.0
INN32661,1,1.0
INN32663,1,1.0
INN32665,1,1.0
INN32666,1,0.0
INN32670,0,0.0
INN32671,1,1.0
INN32672,1,0.0
INN32674,1,1.0
INN32676,0,0.0
INN32679,0,0.0
INN32681,0,0.0
INN32692,0,0.0
INN32703,0,0.0
INN32708,0,0.0
INN32713,1,1.0
INN32717,1,0.0
INN32729,0,0.0
INN32734,0,0.0
INN32735,0,0.0
INN32739,0,0.0
INN32740,0,0.0
INN32744,0,0.0
INN32746,1,1.0
INN32748,0,0.0
INN32759,1,0.0
INN32765,0,0.0
INN32768,1,1.0
INN32769,1,1.0
INN32770,0,0.0
INN32772,1,0.0
INN32774,0,0.0
INN32778,0,0.0
INN32779,1,1.0
INN32783,0,0.0
INN32785,0,0.0
INN32796,0,0.0
INN32800,0,0.0
INN32806,0,0.0
INN32814,0,0.0
INN32820,0,0.0
INN32827,0,0.0
INN32853,0,0.0
INN32856,0,0.0
INN32857,0,0.0
INN32865,0,0.0
INN32871,1,0.0
INN32879,1,0.0
INN32890,0,0.0
INN32898,0,0.0
INN32899,0,0.0
INN32901,1,0.0
INN32902,0,0.0
INN32904,1,0.0
INN32913,0,0.0
INN32928,0,0.0
INN32929,0,0.0
INN32930,0,0.0
INN32934,0,0.0
INN32935,1,1.0
INN32936,0,0.0
INN32949,0,0.0
INN32950,0,0.0
INN32952,0,0.0
INN32958,1,0.0
INN32960,0,0.0
INN32961,1,1.0
INN32966,0,0.0
INN32971,1,1.0
INN32973,0,0.0
INN32977,0,0.0
INN32985,1,0.0
INN32989,1,0.0
INN32991,0,0.0
INN32996,0,0.0
INN33001,0,0.0
INN33003,0,1.0
INN33004,1,1.0
INN33005,0,0.0
INN33010,1,1.0
INN33014,1,0.0
INN33025,0,0.0
INN33036,1,1.0
INN33050,1,1.0
INN33062,0,0.0
INN33063,1,1.0
INN33065,1,1.0
INN33073,0,0.0
INN33075,1,1.0
INN33077,0,0.0
INN33078,1,1.0
INN33089,1,1.0
INN33092,0,0.0
INN33096,0,0.0
INN33097,0,0.0
INN33102,1,1.0
INN33106,0,0.0
INN33121,1,1.0
INN33123,0,0.0
INN33124,0,0.0
INN33125,0,0.0
INN33128,0,0.0
INN33132,0,1.0
INN33133,1,1.0
INN33136,0,0.0
INN33137,0,0.0
INN33138,0,0.0
INN33146,0,0.0
INN33147,1,1.0
INN33163,1,1.0
INN33164,1,0.0
INN33174,1,0.0
INN33175,0,0.0
INN33179,0,0.0
INN33184,0,0.0
INN33185,0,0.0
INN33189,0,0.0
INN33200,1,1.0
INN33205,0,1.0
INN33211,0,0.0
INN33218,0,0.0
INN33228,0,0.0
INN33229,0,0.0
INN33235,0,0.0
INN33242,0,0.0
INN33245,0,0.0
INN33247,0,0.0
INN33249,0,1.0
INN33251,1,1.0
INN33255,0,0.0
INN33256,1,0.0
INN33260,0,0.0
INN33263,0,0.0
INN33267,1,1.0
INN33268,0,0.0
INN33273,0,0.0
INN33275,0,0.0
INN33276,1,1.0
INN33279,0,0.0
INN33283,0,0.0
INN33293,1,0.0
INN33296,0,0.0
INN33305,0,0.0
INN33311,0,0.0
INN33314,0,0.0
INN33318,0,0.0
INN33322,0,0.0
INN33323,1,0.0
INN33326,1,1.0
INN33347,1,1.0
INN33350,0,0.0
INN33351,0,0.0
INN33352,0,0.0
INN33353,0,0.0
INN33356,1,1.0
INN33363,1,1.0
INN33367,1,0.0
INN33373,0,0.0
INN33380,0,0.0
INN33386,0,0.0
INN33394,0,0.0
INN33401,1,1.0
INN33405,1,1.0
INN33407,0,0.0
INN33429,0,0.0
INN33431,0,0.0
INN33439,0,0.0
INN33440,0,0.0
INN33450,0,0.0
INN33466,1,1.0
INN33470,0,0.0
INN33476,1,0.0
INN33477,0,0.0
INN33478,0,0.0
INN33492,1,0.0
INN33493,0,0.0
INN33496,0,0.0
INN33497,1,1.0
INN33498,0,0.0
INN33502,0,0.0
INN33507,0,0.0
INN33509,0,0.0
INN33518,0,0.0
INN33520,0,0.0
INN33527,1,1.0
INN33528,0,0.0
INN33533,1,0.0
INN33534,0,0.0
INN33546,0,0.0
INN33550,1,0.0
INN33554,0,0.0
INN33555,0,0.0
INN33560,0,0.0
INN33562,1,0.0
INN33566,0,0.0
INN33570,1,0.0
INN33574,0,0.0
INN33576,0,0.0
INN33580,0,0.0
INN33584,0,0.0
INN33585,1,1.0
INN33588,1,1.0
INN33590,0,0.0
INN33593,0,0.0
INN33594,0,0.0
INN33597,0,0.0
INN33602,1,1.0
INN33605,0,0.0
INN33606,0,0.0
INN33609,0,0.0
INN33611,0,0.0
INN33612,0,0.0
INN33617,0,0.0
INN33623,0,0.0
INN33624,0,0.0
INN33629,1,0.0
INN33636,0,0.0
INN33638,0,1.0
INN33639,0,0.0
INN33650,0,1.0
INN33655,1,1.0
INN33656,1,0.0
INN33660,1,1.0
INN33663,1,0.0
INN33667,1,1.0
INN33670,1,0.0
INN33679,0,0.0
INN33693,0,0.0
INN33694,1,1.0
INN33695,0,0.0
INN33699,0,0.0
INN33719,1,1.0
INN33720,0,0.0
INN33724,0,0.0
INN33727,0,0.0
INN33733,0,0.0
INN33742,0,0.0
INN33744,0,0.0
INN33745,0,0.0
INN33747,1,1.0
INN33759,0,0.0
INN33765,1,1.0
INN33772,0,0.0
INN33782,0,0.0
INN33788,1,0.0
INN33792,0,0.0
INN33804,0,0.0
INN33816,1,0.0
INN33818,1,1.0
INN33831,1,1.0
INN33841,1,1.0
INN33845,0,0.0
INN33848,0,0.0
INN33849,0,1.0
INN33850,1,1.0
INN33854,0,0.0
INN33859,0,0.0
INN33862,0,0.0
INN33864,1,1.0
INN33868,0,0.0
INN33869,1,0.0
INN33871,1,0.0
INN33872,0,0.0
INN33876,0,0.0
INN33881,0,1.0
INN33886,1,1.0
INN33890,0,0.0
INN33900,0,0.0
INN33912,1,1.0
INN33913,1,0.0
INN33915,1,1.0
INN33918,1,1.0
INN33920,0,0.0
INN33936,0,0.0
INN33939,0,0.0
INN33941,0,0.0
INN33947,1,1.0
INN33951,0,0.0
INN33958,0,0.0
INN33959,0,0.0
INN33962,1,0.0
INN33963,0,0.0
INN33967,0,0.0
INN33969,1,1.0
INN33972,0,0.0
INN33973,0,0.0
INN33974,1,0.0
INN33975,0,0.0
INN33981,1,1.0
INN33984,0,0.0
INN33986,0,0.0
INN33987,0,0.0
INN33992,0,0.0
INN33994,0,0.0
INN33996,1,1.0
INN34001,1,1.0
INN34010,1,1.0
INN34012,0,1.0
INN34030,0,0.0
INN34036,0,0.0
INN34044,0,0.0
INN34048,0,0.0
INN34061,0,0.0
INN34064,0,0.0
INN34066,0,1.0
INN34072,1,1.0
INN34074,1,1.0
INN34077,1,1.0
INN34079,0,0.0
INN34081,0,0.0
INN34083,1,1.0
INN34100,0,0.0
INN34102,0,1.0
INN34109,0,0.0
INN34111,1,0.0
INN34117,1,1.0
INN34122,1,1.0
INN34124,0,0.0
INN34133,0,0.0
INN34141,0,0.0
INN34144,0,0.0
INN34148,0,0.0
INN34149,0,0.0
INN34150,0,0.0
INN34154,0,0.0
INN34156,1,1.0
INN34165,1,1.0
INN34167,1,1.0
INN34168,0,0.0
INN34169,0,0.0
INN34174,0,0.0
INN34175,0,0.0
INN34179,0,0.0
INN34181,0,1.0
INN34192,0,0.0
INN34194,0,0.0
INN34195,1,1.0
INN34202,0,0.0
INN34213,0,0.0
INN34230,1,0.0
INN34242,0,1.0
INN34249,0,0.0
INN34250,1,1.0
INN34252,0,0.0
INN34255,0,0.0
INN34269,0,1.0
INN34270,0,0.0
INN34273,0,0.0
INN34277,0,0.0
INN34282,1,1.0
INN34285,0,0.0
INN34291,0,0.0
INN34298,1,1.0
INN34299,1,1.0
INN34305,1,1.0
INN34312,1,1.0
INN34314,0,0.0
INN34315,1,0.0
INN34319,0,0.0
INN34336,0,0.0
INN34339,0,0.0
INN34341,0,0.0
INN34350,0,0.0
INN34351,0,0.0
INN34354,1,1.0
INN34355,0,0.0
INN34370,0,0.0
INN34375,0,0.0
INN34379,0,0.0
INN34380,0,1.0
INN34392,0,0.0
INN34395,0,0.0
INN34410,0,1.0
INN34416,0,0.0
INN34418,1,0.0
INN34419,0,0.0
INN34433,1,1.0
INN34435,0,0.0
INN34441,0,0.0
INN34444,1,1.0
INN34448,0,0.0
INN34450,0,0.0
INN34453,0,0.0
INN34457,0,0.0
INN34462,0,0.0
INN34463,0,0.0
INN34465,0,0.0
INN34470,1,1.0
INN34472,1,0.0
INN34473,0,1.0
INN34477,0,0.0
INN34482,0,1.0
INN34487,0,0.0
INN34489,0,0.0
INN34499,1,0.0
INN34512,0,0.0
INN34513,0,0.0
INN34530,0,1.0
INN34534,0,0.0
INN34535,0,0.0
INN34538,1,1.0
INN34539,0,0.0
INN34540,0,0.0
INN34546,0,0.0
INN34551,1,1.0
INN34557,0,0.0
INN34558,1,1.0
INN34564,0,0.0
INN34574,1,0.0
INN34584,0,0.0
INN34585,0,0.0
INN34586,0,0.0
INN34591,1,0.0
INN34598,1,1.0
INN34599,0,0.0
INN34607,0,0.0
INN34608,1,1.0
INN34613,0,0.0
INN34617,1,1.0
INN34628,1,1.0
INN34630,1,1.0
INN34632,0,0.0
INN34633,0,0.0
INN34635,1,0.0
INN34641,1,0.0
INN34642,0,0.0
INN34649,0,1.0
INN34655,0,0.0
INN34660,0,1.0
INN34661,0,0.0
INN34663,1,0.0
INN34664,0,0.0
INN34666,0,0.0
INN34676,0,0.0
INN34682,1,1.0
INN34683,1,1.0
INN34689,0,0.0
INN34691,0,0.0
INN34692,0,0.0
INN34699,0,0.0
INN34701,0,0.0
INN34702,0,0.0
INN34705,0,0.0
INN34710,0,0.0
INN34716,0,0.0
INN34719,0,0.0
INN34741,0,1.0
INN34754,0,0.0
INN34755,0,0.0
INN34760,0,0.0
INN34765,0,0.0
INN34770,0,1.0
INN34771,0,0.0
INN34774,0,0.0
INN34779,0,0.0
INN34782,0,0.0
INN34788,0,0.0
INN34790,1,1.0
INN34792,0,0.0
INN34803,0,0.0
INN34806,1,1.0
INN34810,1,1.0
INN34818,0,0.0
INN34821,1,1.0
INN34824,1,1.0
INN34835,1,1.0
INN34844,1,0.0
INN34845,0,0.0
INN34846,1,1.0
INN34852,0,0.0
INN34854,0,0.0
INN34856,0,0.0
INN34857,1,1.0
INN34878,0,0.0
INN34886,1,1.0
INN34895,0,0.0
INN34906,0,0.0
INN34907,0,0.0
INN34916,1,1.0
INN34922,1,1.0
INN34924,1,0.0
INN34925,0,0.0
INN34926,0,0.0
INN34930,0,0.0
INN34931,0,0.0
INN34932,0,0.0
INN34936,1,0.0
INN34940,0,0.0
INN34944,0,0.0
INN34957,1,0.0
INN34963,1,0.0
INN34972,0,0.0
INN34973,0,0.0
INN34974,0,0.0
INN34975,1,1.0
INN34976,0,0.0
INN34977,1,1.0
INN34978,1,1.0
INN34981,0,0.0
INN34989,0,0.0
INN35003,1,1.0
INN35005,0,0.0
INN35006,1,0.0
INN35007,0,0.0
INN35011,1,1.0
INN35013,0,0.0
INN35021,1,1.0
INN35033,0,0.0
INN35034,0,0.0
INN35040,1,0.0
INN35046,0,0.0
INN35053,0,0.0
INN35054,0,0.0
INN35058,1,1.0
INN35061,1,1.0
INN35072,0,1.0
INN35074,1,1.0
INN35089,1,0.0
INN35090,1,1.0
INN35091,1,1.0
INN35095,1,1.0
INN35108,0,0.0
INN35112,0,0.0
INN35128,0,0.0
INN35133,0,0.0
INN35138,0,0.0
INN35144,0,0.0
INN35153,0,1.0
INN35157,1,0.0
INN35159,0,0.0
INN35166,0,0.0
INN35183,0,0.0
INN35195,1,0.0
INN35197,0,0.0
INN35201,0,0.0
INN35203,0,0.0
INN35208,0,0.0
INN35212,0,0.0
INN35215,0,0.0
INN35218,0,0.0
INN35221,1,1.0
INN35225,0,0.0
INN35236,0,0.0
INN35245,1,1.0
INN35247,0,0.0
INN35251,1,1.0
INN35254,1,1.0
INN35255,0,0.0
INN35258,0,0.0
INN35265,0,0.0
INN35266,0,0.0
INN35271,1,0.0
INN35279,1,1.0
INN35295,0,0.0
INN35300,0,0.0
INN35301,0,0.0
INN35303,1,1.0
INN35304,1,0.0
INN35307,0,0.0
INN35312,0,0.0
INN35326,0,0.0
INN35333,1,1.0
INN35334,1,0.0
INN35339,0,0.0
INN35340,0,0.0
INN35342,0,1.0
INN35345,1,0.0
INN35348,0,1.0
INN35352,0,0.0
INN35353,0,0.0
INN35354,1,1.0
INN35362,0,0.0
INN35367,0,0.0
INN35374,0,0.0
INN35375,0,0.0
INN35381,1,1.0
INN35384,0,0.0
INN35386,1,1.0
INN35395,0,0.0
INN35400,1,0.0
INN35408,0,0.0
INN35409,0,0.0
INN35412,0,0.0
INN35413,1,1.0
INN35416,0,1.0
INN35440,1,1.0
INN35446,0,0.0
INN35466,0,0.0
INN35472,0,0.0
INN35485,0,0.0
INN35487,0,0.0
INN35491,0,0.0
INN35492,1,0.0
INN35506,1,1.0
INN35508,0,0.0
INN35509,1,1.0
INN35510,0,0.0
INN35513,0,0.0
INN35514,0,0.0
INN35533,0,0.0
INN35540,1,1.0
INN35543,1,0.0
INN35544,0,0.0
INN35547,0,0.0
INN35556,1,1.0
INN35559,0,0.0
INN35570,1,0.0
INN35571,0,0.0
INN35578,0,0.0
INN35596,0,0.0
INN35603,0,0.0
INN35604,1,1.0
INN35605,1,1.0
INN35608,0,0.0
INN35613,0,1.0
INN35616,0,0.0
INN35617,0,0.0
INN35618,1,1.0
INN35628,1,1.0
INN35630,0,0.0
INN35634,0,0.0
INN35635,0,0.0
INN35637,0,0.0
INN35646,0,0.0
INN35654,0,0.0
INN35664,0,1.0
INN35668,0,0.0
INN35670,1,1.0
INN35676,0,0.0
INN35683,1,1.0
INN35686,0,0.0
INN35687,1,1.0
INN35692,1,1.0
INN35694,1,1.0
INN35705,1,0.0
INN35720,1,0.0
INN35723,0,0.0
INN35727,0,0.0
INN35728,0,0.0
INN35729,0,0.0
INN35739,0,0.0
INN35741,0,0.0
INN35743,1,1.0
INN35746,1,1.0
INN35750,0,0.0
INN35766,1,1.0
INN35768,0,1.0
INN35771,1,0.0
INN35773,1,1.0
INN35777,1,1.0
INN35778,0,0.0
INN35796,0,0.0
INN35807,0,1.0
INN35809,1,0.0
INN35814,0,0.0
INN35816,1,1.0
INN35817,0,0.0
INN35820,0,0.0
INN35821,0,0.0
INN35827,0,0.0
INN35828,1,0.0
INN35835,0,0.0
INN35840,1,1.0
INN35841,0,0.0
INN35847,0,0.0
INN35848,1,0.0
INN35856,0,0.0
INN35857,1,0.0
INN35864,0,0.0
INN35876,0,0.0
INN35878,0,0.0
INN35885,0,1.0
INN35888,0,0.0
INN35893,1,0.0
INN35894,0,0.0
INN35897,1,1.0
INN35900,1,0.0
INN35909,1,0.0
INN35911,1,1.0
INN35912,0,0.0
INN35917,0,0.0
INN35924,1,1.0
INN35932,0,1.0
INN35933,1,1.0
INN35936,0,0.0
INN35940,1,1.0
INN35941,1,1.0
INN35948,1,1.0
INN35956,0,0.0
INN35959,1,0.0
INN35971,1,1.0
INN35974,1,1.0
INN35976,0,0.0
INN35978,1,1.0
INN35979,0,0.0
INN35980,0,0.0
INN35994,1,0.0
INN36000,0,0.0
INN36001,1,0.0
INN36003,0,0.0
INN36005,0,0.0
INN36015,0,0.0
INN36016,0,0.0
INN36026,0,0.0
INN36034,0,0.0
INN36038,1,0.0
INN36044,0,1.0
INN36055,0,0.0
INN36062,0,0.0
INN36068,1,0.0
INN36072,0,0.0
INN36074,1,0.0
INN36077,1,1.0
INN36079,0,0.0
INN36085,1,0.0
INN36088,1,1.0
INN36099,0,0.0
INN36107,0,0.0
INN36122,0,0.0
INN36125,1,1.0
INN36127,1,1.0
INN36129,1,1.0
INN36134,0,0.0
INN36139,0,0.0
INN36145,0,0.0
INN36149,0,0.0
INN36154,0,0.0
INN36155,1,1.0
INN36158,1,1.0
INN36161,1,1.0
INN36162,0,0.0
INN36164,1,0.0
INN36165,1,0.0
INN36167,0,0.0
INN36168,0,0.0
INN36179,1,1.0
INN36180,0,0.0
INN36184,0,0.0
INN36190,1,1.0
INN36202,0,0.0
INN36205,0,0.0
INN36210,1,1.0
INN36227,0,1.0
INN36250,1,1.0
INN36259,0,0.0
INN36263,0,0.0
INN36266,0,1.0
INN36269,1,1.0
INN36272,1,0.0
